season,season_code,data,available,partially_available,tested,successes,record_count,record_count_min,observed_fields,errors
2025,E2025,schedule,True,False,1,1,402,,arenacapacity|arenacode|arenaname|awaycode|awayteam|awaytv|confirmeddate|confirmedtime|date|endtime|game|gamecode|gameday|group|homecode|hometeam|hometv|played|round|startime,
2025,E2025,results,True,False,1,1,402,,awaycode|awayscore|awayteam|date|gamecode|gameday|gamenumber|group|homecode|homescore|hometeam|played|round|time,
2025,E2025,rosters,True,False,1,1,383,,alias|code|countrycode|countryname|dorsal|name|position,
2025,E2025,boxscore,True,False,2,2,,2,Attendance|ByQuarter|EndOfQuarter|Live|Referees|Stats,
2025,E2025,player_stats,True,False,2,2,,24,Assistances|BlocksAgainst|BlocksFavour|DefensiveRebounds|Dorsal|FieldGoalsAttempted2|FieldGoalsAttempted3|FieldGoalsMade2|FieldGoalsMade3|FoulsCommited|FoulsReceived|FreeThrowsAttempted|FreeThrowsMade|IsPlaying|IsStarter|Minutes|OffensiveRebounds|Player|Player_ID|Plusminus|Points|Steals|Team|TotalRebounds|Turnovers|Valuation,
2025,E2025,team_stats,True,False,2,2,,2,Assistances|BlocksAgainst|BlocksFavour|DefensiveRebounds|FieldGoalsAttempted2|FieldGoalsAttempted3|FieldGoalsMade2|FieldGoalsMade3|FoulsCommited|FoulsReceived|FreeThrowsAttempted|FreeThrowsMade|Minutes|OffensiveRebounds|Points|Steals|TotalRebounds|Turnovers|Valuation,
2025,E2025,play_by_play,True,False,2,2,,541,CODETEAM|COMMENT|DORSAL|MARKERTIME|MINUTE|NUMBEROFPLAY|PLAYER|PLAYER_ID|PLAYINFO|PLAYTYPE|POINTS_A|POINTS_B|TEAM|TYPE,
2025,E2025,shots,True,False,2,2,,156,ACTION|CONSOLE|COORD_X|COORD_Y|FASTBREAK|ID_ACTION|ID_PLAYER|MINUTE|NUM_ANOT|PLAYER|POINTS|POINTS_A|POINTS_B|POINTS_OFF_TURNOVER|SECOND_CHANCE|TEAM|UTC|ZONE,
2025,E2025,v3_game_stats,True,False,2,2,,24,$|local|local.coach|local.coach.code|local.coach.name|local.players|local.players[]|local.players[].player|local.players[].player.active|local.players[].player.club|local.players[].player.club.abbreviatedName|local.players[].player.club.code|local.players[].player.club.editorialName|local.players[].player.club.images|local.players[].player.club.images.crest|local.players[].player.club.isVirtual|local.players[].player.club.name|local.players[].player.club.tvCode|local.players[].player.dorsal|local.players[].player.dorsalRaw|local.players[].player.endDate|local.players[].player.externalId|local.players[].player.images|local.players[].player.images.action|local.players[].player.images.headshot|local.players[].player.lastTeam|local.players[].player.order|local.players[].player.person|local.players[].player.person.abbreviatedName|local.players[].player.person.alias|local.players[].player.person.aliasRaw|local.players[].player.person.birthCountry|local.players[].player.person.birthCountry.code|local.players[].player.person.birthCountry.name|local.players[].player.person.birthDate|local.players[].player.person.code|local.players[].player.person.country|local.players[].player.person.country.code|local.players[].player.person.country.name|local.players[].player.person.facebookAccount|local.players[].player.person.height|local.players[].player.person.images|local.players[].player.person.images.headshot|local.players[].player.person.instagramAccount|local.players[].player.person.isReferee|local.players[].player.person.jerseyName|local.players[].player.person.name|local.players[].player.person.passportName|local.players[].player.person.passportSurname|local.players[].player.person.twitterAccount|local.players[].player.person.weight|local.players[].player.position|local.players[].player.positionName|local.players[].player.season|local.players[].player.season.alias|local.players[].player.season.code|local.players[].player.season.competitionCode|local.players[].player.season.name|local.players[].player.season.startDate|local.players[].player.season.year|local.players[].player.startDate|local.players[].player.type|local.players[].player.typeName|local.players[].stats|local.players[].stats.accuracyAttempted|local.players[].stats.accuracyMade|local.players[].stats.assistances|local.players[].stats.blocksAgainst|local.players[].stats.blocksFavour|local.players[].stats.defensiveRebounds|local.players[].stats.dorsal|local.players[].stats.fieldGoalsAttempted2|local.players[].stats.fieldGoalsAttempted3|local.players[].stats.fieldGoalsAttemptedTotal|local.players[].stats.fieldGoalsMade2|local.players[].stats.fieldGoalsMade3|local.players[].stats.fieldGoalsMadeTotal|local.players[].stats.foulsCommited|local.players[].stats.foulsReceived|local.players[].stats.freeThrowsAttempted|local.players[].stats.freeThrowsMade|local.players[].stats.offensiveRebounds|local.players[].stats.plusMinus|local.players[].stats.points|local.players[].stats.startFive|local.players[].stats.startFive2|local.players[].stats.steals|local.players[].stats.timePlayed|local.players[].stats.totalRebounds|local.players[].stats.turnovers|local.players[].stats.valuation|local.team|local.team.accuracyAttempted|local.team.accuracyMade|local.team.assistances|local.team.blocksAgainst|local.team.blocksFavour|local.team.defensiveRebounds|local.team.fieldGoalsAttempted2|local.team.fieldGoalsAttempted3|local.team.fieldGoalsAttemptedTotal|local.team.fieldGoalsMade2|local.team.fieldGoalsMade3|local.team.fieldGoalsMadeTotal|local.team.foulsCommited|local.team.foulsReceived|local.team.freeThrowsAttempted|local.team.freeThrowsMade|local.team.offensiveRebounds|local.team.plusMinus|local.team.points|local.team.steals|local.team.timePlayed|local.team.totalRebounds|local.team.turnovers|local.team.valuation|local.total|local.total.accuracyAttempted|local.total.accuracyMade|local.total.assistances|local.total.blocksAgainst|local.total.blocksFavour|local.total.defensiveRebounds|local.total.fieldGoalsAttempted2|local.total.fieldGoalsAttempted3|local.total.fieldGoalsAttemptedTotal|local.total.fieldGoalsMade2|local.total.fieldGoalsMade3|local.total.fieldGoalsMadeTotal|local.total.foulsCommited|local.total.foulsReceived|local.total.freeThrowsAttempted|local.total.freeThrowsMade|local.total.offensiveRebounds|local.total.plusMinus|local.total.points|local.total.steals|local.total.timePlayed|local.total.totalRebounds|local.total.turnovers|local.total.valuation|road|road.coach|road.coach.code|road.coach.name|road.players|road.players[]|road.players[].player|road.players[].player.active|road.players[].player.club|road.players[].player.club.abbreviatedName|road.players[].player.club.code|road.players[].player.club.editorialName|road.players[].player.club.images|road.players[].player.club.images.crest|road.players[].player.club.isVirtual|road.players[].player.club.name|road.players[].player.club.tvCode|road.players[].player.dorsal|road.players[].player.dorsalRaw|road.players[].player.endDate|road.players[].player.externalId|road.players[].player.images|road.players[].player.images.action|road.players[].player.images.headshot|road.players[].player.lastTeam|road.players[].player.order|road.players[].player.person|road.players[].player.person.abbreviatedName|road.players[].player.person.alias|road.players[].player.person.aliasRaw|road.players[].player.person.birthCountry|road.players[].player.person.birthCountry.code|road.players[].player.person.birthCountry.name|road.players[].player.person.birthDate|road.players[].player.person.code|road.players[].player.person.country|road.players[].player.person.country.code|road.players[].player.person.country.name|road.players[].player.person.facebookAccount|road.players[].player.person.height|road.players[].player.person.images|road.players[].player.person.instagramAccount|road.players[].player.person.isReferee|road.players[].player.person.jerseyName|road.players[].player.person.name|road.players[].player.person.passportName|road.players[].player.person.passportSurname|road.players[].player.person.twitterAccount|road.players[].player.person.weight|road.players[].player.position|road.players[].player.positionName|road.players[].player.season|road.players[].player.season.alias|road.players[].player.season.code|road.players[].player.season.competitionCode|road.players[].player.season.name|road.players[].player.season.startDate|road.players[].player.season.year|road.players[].player.startDate|road.players[].player.type|road.players[].player.typeName|road.players[].stats|road.players[].stats.accuracyAttempted|road.players[].stats.accuracyMade|road.players[].stats.assistances|road.players[].stats.blocksAgainst|road.players[].stats.blocksFavour|road.players[].stats.defensiveRebounds|road.players[].stats.dorsal|road.players[].stats.fieldGoalsAttempted2|road.players[].stats.fieldGoalsAttempted3|road.players[].stats.fieldGoalsAttemptedTotal|road.players[].stats.fieldGoalsMade2|road.players[].stats.fieldGoalsMade3|road.players[].stats.fieldGoalsMadeTotal|road.players[].stats.foulsCommited|road.players[].stats.foulsReceived|road.players[].stats.freeThrowsAttempted|road.players[].stats.freeThrowsMade|road.players[].stats.offensiveRebounds|road.players[].stats.plusMinus|road.players[].stats.points|road.players[].stats.startFive|road.players[].stats.startFive2|road.players[].stats.steals|road.players[].stats.timePlayed|road.players[].stats.totalRebounds|road.players[].stats.turnovers|road.players[].stats.valuation|road.team|road.team.accuracyAttempted|road.team.accuracyMade|road.team.assistances|road.team.blocksAgainst|road.team.blocksFavour|road.team.defensiveRebounds|road.team.fieldGoalsAttempted2|road.team.fieldGoalsAttempted3|road.team.fieldGoalsAttemptedTotal|road.team.fieldGoalsMade2|road.team.fieldGoalsMade3|road.team.fieldGoalsMadeTotal|road.team.foulsCommited|road.team.foulsReceived|road.team.freeThrowsAttempted|road.team.freeThrowsMade|road.team.offensiveRebounds|road.team.plusMinus|road.team.points|road.team.steals|road.team.timePlayed|road.team.totalRebounds|road.team.turnovers|road.team.valuation|road.total|road.total.accuracyAttempted|road.total.accuracyMade|road.total.assistances|road.total.blocksAgainst|road.total.blocksFavour|road.total.defensiveRebounds|road.total.fieldGoalsAttempted2|road.total.fieldGoalsAttempted3|road.total.fieldGoalsAttemptedTotal|road.total.fieldGoalsMade2|road.total.fieldGoalsMade3|road.total.fieldGoalsMadeTotal|road.total.foulsCommited|road.total.foulsReceived|road.total.freeThrowsAttempted|road.total.freeThrowsMade|road.total.offensiveRebounds|road.total.plusMinus|road.total.points|road.total.steals|road.total.timePlayed|road.total.totalRebounds|road.total.turnovers|road.total.valuation,
2024,E2024,schedule,True,False,1,1,330,,arenacapacity|arenacode|arenaname|awaycode|awayteam|awaytv|confirmeddate|confirmedtime|date|endtime|game|gamecode|gameday|group|homecode|hometeam|hometv|played|round|startime,
2024,E2024,results,True,False,1,1,330,,awaycode|awayscore|awayteam|date|gamecode|gameday|gamenumber|group|homecode|homescore|hometeam|played|round|time,
2024,E2024,rosters,True,False,1,1,326,,alias|code|countrycode|countryname|dorsal|name|position,
2024,E2024,boxscore,True,False,2,2,,2,Attendance|ByQuarter|EndOfQuarter|Live|Referees|Stats,
2024,E2024,player_stats,True,False,2,2,,24,Assistances|BlocksAgainst|BlocksFavour|DefensiveRebounds|Dorsal|FieldGoalsAttempted2|FieldGoalsAttempted3|FieldGoalsMade2|FieldGoalsMade3|FoulsCommited|FoulsReceived|FreeThrowsAttempted|FreeThrowsMade|IsPlaying|IsStarter|Minutes|OffensiveRebounds|Player|Player_ID|Plusminus|Points|Steals|Team|TotalRebounds|Turnovers|Valuation,
2024,E2024,team_stats,True,False,2,2,,2,Assistances|BlocksAgainst|BlocksFavour|DefensiveRebounds|FieldGoalsAttempted2|FieldGoalsAttempted3|FieldGoalsMade2|FieldGoalsMade3|FoulsCommited|FoulsReceived|FreeThrowsAttempted|FreeThrowsMade|Minutes|OffensiveRebounds|Points|Steals|TotalRebounds|Turnovers|Valuation,
2024,E2024,play_by_play,True,False,2,2,,458,CODETEAM|COMMENT|DORSAL|MARKERTIME|MINUTE|NUMBEROFPLAY|PLAYER|PLAYER_ID|PLAYINFO|PLAYTYPE|POINTS_A|POINTS_B|TEAM|TYPE,
2024,E2024,shots,True,False,2,2,,150,ACTION|CONSOLE|COORD_X|COORD_Y|FASTBREAK|ID_ACTION|ID_PLAYER|MINUTE|NUM_ANOT|PLAYER|POINTS|POINTS_A|POINTS_B|POINTS_OFF_TURNOVER|SECOND_CHANCE|TEAM|UTC|ZONE,
2024,E2024,v3_game_stats,True,False,2,2,,24,$|local|local.coach|local.coach.code|local.coach.name|local.players|local.players[]|local.players[].player|local.players[].player.active|local.players[].player.club|local.players[].player.club.abbreviatedName|local.players[].player.club.code|local.players[].player.club.editorialName|local.players[].player.club.images|local.players[].player.club.images.crest|local.players[].player.club.isVirtual|local.players[].player.club.name|local.players[].player.club.tvCode|local.players[].player.dorsal|local.players[].player.dorsalRaw|local.players[].player.endDate|local.players[].player.externalId|local.players[].player.images|local.players[].player.images.action|local.players[].player.images.headshot|local.players[].player.lastTeam|local.players[].player.order|local.players[].player.person|local.players[].player.person.abbreviatedName|local.players[].player.person.alias|local.players[].player.person.aliasRaw|local.players[].player.person.birthCountry|local.players[].player.person.birthCountry.code|local.players[].player.person.birthCountry.name|local.players[].player.person.birthDate|local.players[].player.person.code|local.players[].player.person.country|local.players[].player.person.country.code|local.players[].player.person.country.name|local.players[].player.person.facebookAccount|local.players[].player.person.height|local.players[].player.person.images|local.players[].player.person.instagramAccount|local.players[].player.person.isReferee|local.players[].player.person.jerseyName|local.players[].player.person.name|local.players[].player.person.passportName|local.players[].player.person.passportSurname|local.players[].player.person.twitterAccount|local.players[].player.person.weight|local.players[].player.position|local.players[].player.positionName|local.players[].player.season|local.players[].player.season.alias|local.players[].player.season.code|local.players[].player.season.competitionCode|local.players[].player.season.name|local.players[].player.season.startDate|local.players[].player.season.year|local.players[].player.startDate|local.players[].player.type|local.players[].player.typeName|local.players[].stats|local.players[].stats.accuracyAttempted|local.players[].stats.accuracyMade|local.players[].stats.assistances|local.players[].stats.blocksAgainst|local.players[].stats.blocksFavour|local.players[].stats.defensiveRebounds|local.players[].stats.dorsal|local.players[].stats.fieldGoalsAttempted2|local.players[].stats.fieldGoalsAttempted3|local.players[].stats.fieldGoalsAttemptedTotal|local.players[].stats.fieldGoalsMade2|local.players[].stats.fieldGoalsMade3|local.players[].stats.fieldGoalsMadeTotal|local.players[].stats.foulsCommited|local.players[].stats.foulsReceived|local.players[].stats.freeThrowsAttempted|local.players[].stats.freeThrowsMade|local.players[].stats.offensiveRebounds|local.players[].stats.plusMinus|local.players[].stats.points|local.players[].stats.startFive|local.players[].stats.startFive2|local.players[].stats.steals|local.players[].stats.timePlayed|local.players[].stats.totalRebounds|local.players[].stats.turnovers|local.players[].stats.valuation|local.team|local.team.accuracyAttempted|local.team.accuracyMade|local.team.assistances|local.team.blocksAgainst|local.team.blocksFavour|local.team.defensiveRebounds|local.team.fieldGoalsAttempted2|local.team.fieldGoalsAttempted3|local.team.fieldGoalsAttemptedTotal|local.team.fieldGoalsMade2|local.team.fieldGoalsMade3|local.team.fieldGoalsMadeTotal|local.team.foulsCommited|local.team.foulsReceived|local.team.freeThrowsAttempted|local.team.freeThrowsMade|local.team.offensiveRebounds|local.team.plusMinus|local.team.points|local.team.steals|local.team.timePlayed|local.team.totalRebounds|local.team.turnovers|local.team.valuation|local.total|local.total.accuracyAttempted|local.total.accuracyMade|local.total.assistances|local.total.blocksAgainst|local.total.blocksFavour|local.total.defensiveRebounds|local.total.fieldGoalsAttempted2|local.total.fieldGoalsAttempted3|local.total.fieldGoalsAttemptedTotal|local.total.fieldGoalsMade2|local.total.fieldGoalsMade3|local.total.fieldGoalsMadeTotal|local.total.foulsCommited|local.total.foulsReceived|local.total.freeThrowsAttempted|local.total.freeThrowsMade|local.total.offensiveRebounds|local.total.plusMinus|local.total.points|local.total.steals|local.total.timePlayed|local.total.totalRebounds|local.total.turnovers|local.total.valuation|road|road.coach|road.coach.code|road.coach.name|road.players|road.players[]|road.players[].player|road.players[].player.active|road.players[].player.club|road.players[].player.club.abbreviatedName|road.players[].player.club.code|road.players[].player.club.editorialName|road.players[].player.club.images|road.players[].player.club.images.crest|road.players[].player.club.isVirtual|road.players[].player.club.name|road.players[].player.club.tvCode|road.players[].player.dorsal|road.players[].player.dorsalRaw|road.players[].player.endDate|road.players[].player.externalId|road.players[].player.images|road.players[].player.images.action|road.players[].player.images.headshot|road.players[].player.lastTeam|road.players[].player.order|road.players[].player.person|road.players[].player.person.abbreviatedName|road.players[].player.person.alias|road.players[].player.person.aliasRaw|road.players[].player.person.birthCountry|road.players[].player.person.birthCountry.code|road.players[].player.person.birthCountry.name|road.players[].player.person.birthDate|road.players[].player.person.code|road.players[].player.person.country|road.players[].player.person.country.code|road.players[].player.person.country.name|road.players[].player.person.facebookAccount|road.players[].player.person.height|road.players[].player.person.images|road.players[].player.person.images.action|road.players[].player.person.instagramAccount|road.players[].player.person.isReferee|road.players[].player.person.jerseyName|road.players[].player.person.name|road.players[].player.person.passportName|road.players[].player.person.passportSurname|road.players[].player.person.twitterAccount|road.players[].player.person.weight|road.players[].player.position|road.players[].player.positionName|road.players[].player.season|road.players[].player.season.alias|road.players[].player.season.code|road.players[].player.season.competitionCode|road.players[].player.season.name|road.players[].player.season.startDate|road.players[].player.season.year|road.players[].player.startDate|road.players[].player.type|road.players[].player.typeName|road.players[].stats|road.players[].stats.accuracyAttempted|road.players[].stats.accuracyMade|road.players[].stats.assistances|road.players[].stats.blocksAgainst|road.players[].stats.blocksFavour|road.players[].stats.defensiveRebounds|road.players[].stats.dorsal|road.players[].stats.fieldGoalsAttempted2|road.players[].stats.fieldGoalsAttempted3|road.players[].stats.fieldGoalsAttemptedTotal|road.players[].stats.fieldGoalsMade2|road.players[].stats.fieldGoalsMade3|road.players[].stats.fieldGoalsMadeTotal|road.players[].stats.foulsCommited|road.players[].stats.foulsReceived|road.players[].stats.freeThrowsAttempted|road.players[].stats.freeThrowsMade|road.players[].stats.offensiveRebounds|road.players[].stats.plusMinus|road.players[].stats.points|road.players[].stats.startFive|road.players[].stats.startFive2|road.players[].stats.steals|road.players[].stats.timePlayed|road.players[].stats.totalRebounds|road.players[].stats.turnovers|road.players[].stats.valuation|road.team|road.team.accuracyAttempted|road.team.accuracyMade|road.team.assistances|road.team.blocksAgainst|road.team.blocksFavour|road.team.defensiveRebounds|road.team.fieldGoalsAttempted2|road.team.fieldGoalsAttempted3|road.team.fieldGoalsAttemptedTotal|road.team.fieldGoalsMade2|road.team.fieldGoalsMade3|road.team.fieldGoalsMadeTotal|road.team.foulsCommited|road.team.foulsReceived|road.team.freeThrowsAttempted|road.team.freeThrowsMade|road.team.offensiveRebounds|road.team.plusMinus|road.team.points|road.team.steals|road.team.timePlayed|road.team.totalRebounds|road.team.turnovers|road.team.valuation|road.total|road.total.accuracyAttempted|road.total.accuracyMade|road.total.assistances|road.total.blocksAgainst|road.total.blocksFavour|road.total.defensiveRebounds|road.total.fieldGoalsAttempted2|road.total.fieldGoalsAttempted3|road.total.fieldGoalsAttemptedTotal|road.total.fieldGoalsMade2|road.total.fieldGoalsMade3|road.total.fieldGoalsMadeTotal|road.total.foulsCommited|road.total.foulsReceived|road.total.freeThrowsAttempted|road.total.freeThrowsMade|road.total.offensiveRebounds|road.total.plusMinus|road.total.points|road.total.steals|road.total.timePlayed|road.total.totalRebounds|road.total.turnovers|road.total.valuation,
2023,E2023,schedule,True,False,1,1,331,,arenacapacity|arenacode|arenaname|awaycode|awayteam|awaytv|confirmeddate|confirmedtime|date|endtime|game|gamecode|gameday|group|homecode|hometeam|hometv|played|round|startime,
2023,E2023,results,True,False,1,1,331,,awaycode|awayscore|awayteam|date|gamecode|gameday|gamenumber|group|homecode|homescore|hometeam|played|round|time,
2023,E2023,rosters,True,False,1,1,320,,alias|code|countrycode|countryname|dorsal|name|position,
2023,E2023,boxscore,True,False,2,2,,2,Attendance|ByQuarter|EndOfQuarter|Live|Referees|Stats,
2023,E2023,player_stats,True,False,2,2,,24,Assistances|BlocksAgainst|BlocksFavour|DefensiveRebounds|Dorsal|FieldGoalsAttempted2|FieldGoalsAttempted3|FieldGoalsMade2|FieldGoalsMade3|FoulsCommited|FoulsReceived|FreeThrowsAttempted|FreeThrowsMade|IsPlaying|IsStarter|Minutes|OffensiveRebounds|Player|Player_ID|Plusminus|Points|Steals|Team|TotalRebounds|Turnovers|Valuation,
2023,E2023,team_stats,True,False,2,2,,2,Assistances|BlocksAgainst|BlocksFavour|DefensiveRebounds|FieldGoalsAttempted2|FieldGoalsAttempted3|FieldGoalsMade2|FieldGoalsMade3|FoulsCommited|FoulsReceived|FreeThrowsAttempted|FreeThrowsMade|Minutes|OffensiveRebounds|Points|Steals|TotalRebounds|Turnovers|Valuation,
2023,E2023,play_by_play,True,False,2,2,,501,CODETEAM|COMMENT|DORSAL|MARKERTIME|MINUTE|NUMBEROFPLAY|PLAYER|PLAYER_ID|PLAYINFO|PLAYTYPE|POINTS_A|POINTS_B|TEAM|TYPE,
2023,E2023,shots,True,False,2,2,,148,ACTION|CONSOLE|COORD_X|COORD_Y|FASTBREAK|ID_ACTION|ID_PLAYER|MINUTE|NUM_ANOT|PLAYER|POINTS|POINTS_A|POINTS_B|POINTS_OFF_TURNOVER|SECOND_CHANCE|TEAM|UTC|ZONE,
2023,E2023,v3_game_stats,True,False,2,2,,24,$|local|local.coach|local.coach.code|local.coach.name|local.players|local.players[]|local.players[].player|local.players[].player.active|local.players[].player.club|local.players[].player.club.abbreviatedName|local.players[].player.club.code|local.players[].player.club.editorialName|local.players[].player.club.images|local.players[].player.club.images.crest|local.players[].player.club.isVirtual|local.players[].player.club.name|local.players[].player.club.tvCode|local.players[].player.dorsal|local.players[].player.dorsalRaw|local.players[].player.endDate|local.players[].player.externalId|local.players[].player.images|local.players[].player.images.action|local.players[].player.images.headshot|local.players[].player.lastTeam|local.players[].player.order|local.players[].player.person|local.players[].player.person.abbreviatedName|local.players[].player.person.alias|local.players[].player.person.aliasRaw|local.players[].player.person.birthCountry|local.players[].player.person.birthCountry.code|local.players[].player.person.birthCountry.name|local.players[].player.person.birthDate|local.players[].player.person.code|local.players[].player.person.country|local.players[].player.person.country.code|local.players[].player.person.country.name|local.players[].player.person.facebookAccount|local.players[].player.person.height|local.players[].player.person.images|local.players[].player.person.instagramAccount|local.players[].player.person.isReferee|local.players[].player.person.jerseyName|local.players[].player.person.name|local.players[].player.person.passportName|local.players[].player.person.passportSurname|local.players[].player.person.twitterAccount|local.players[].player.person.weight|local.players[].player.position|local.players[].player.positionName|local.players[].player.season|local.players[].player.season.alias|local.players[].player.season.code|local.players[].player.season.competitionCode|local.players[].player.season.name|local.players[].player.season.startDate|local.players[].player.season.year|local.players[].player.startDate|local.players[].player.type|local.players[].player.typeName|local.players[].stats|local.players[].stats.accuracyAttempted|local.players[].stats.accuracyMade|local.players[].stats.assistances|local.players[].stats.blocksAgainst|local.players[].stats.blocksFavour|local.players[].stats.defensiveRebounds|local.players[].stats.dorsal|local.players[].stats.fieldGoalsAttempted2|local.players[].stats.fieldGoalsAttempted3|local.players[].stats.fieldGoalsAttemptedTotal|local.players[].stats.fieldGoalsMade2|local.players[].stats.fieldGoalsMade3|local.players[].stats.fieldGoalsMadeTotal|local.players[].stats.foulsCommited|local.players[].stats.foulsReceived|local.players[].stats.freeThrowsAttempted|local.players[].stats.freeThrowsMade|local.players[].stats.offensiveRebounds|local.players[].stats.plusMinus|local.players[].stats.points|local.players[].stats.startFive|local.players[].stats.startFive2|local.players[].stats.steals|local.players[].stats.timePlayed|local.players[].stats.totalRebounds|local.players[].stats.turnovers|local.players[].stats.valuation|local.team|local.team.accuracyAttempted|local.team.accuracyMade|local.team.assistances|local.team.blocksAgainst|local.team.blocksFavour|local.team.defensiveRebounds|local.team.fieldGoalsAttempted2|local.team.fieldGoalsAttempted3|local.team.fieldGoalsAttemptedTotal|local.team.fieldGoalsMade2|local.team.fieldGoalsMade3|local.team.fieldGoalsMadeTotal|local.team.foulsCommited|local.team.foulsReceived|local.team.freeThrowsAttempted|local.team.freeThrowsMade|local.team.offensiveRebounds|local.team.plusMinus|local.team.points|local.team.steals|local.team.timePlayed|local.team.totalRebounds|local.team.turnovers|local.team.valuation|local.total|local.total.accuracyAttempted|local.total.accuracyMade|local.total.assistances|local.total.blocksAgainst|local.total.blocksFavour|local.total.defensiveRebounds|local.total.fieldGoalsAttempted2|local.total.fieldGoalsAttempted3|local.total.fieldGoalsAttemptedTotal|local.total.fieldGoalsMade2|local.total.fieldGoalsMade3|local.total.fieldGoalsMadeTotal|local.total.foulsCommited|local.total.foulsReceived|local.total.freeThrowsAttempted|local.total.freeThrowsMade|local.total.offensiveRebounds|local.total.plusMinus|local.total.points|local.total.steals|local.total.timePlayed|local.total.totalRebounds|local.total.turnovers|local.total.valuation|road|road.coach|road.coach.code|road.coach.name|road.players|road.players[]|road.players[].player|road.players[].player.active|road.players[].player.club|road.players[].player.club.abbreviatedName|road.players[].player.club.code|road.players[].player.club.editorialName|road.players[].player.club.images|road.players[].player.club.images.crest|road.players[].player.club.isVirtual|road.players[].player.club.name|road.players[].player.club.tvCode|road.players[].player.dorsal|road.players[].player.dorsalRaw|road.players[].player.endDate|road.players[].player.externalId|road.players[].player.images|road.players[].player.images.action|road.players[].player.images.headshot|road.players[].player.lastTeam|road.players[].player.order|road.players[].player.person|road.players[].player.person.abbreviatedName|road.players[].player.person.alias|road.players[].player.person.aliasRaw|road.players[].player.person.birthCountry|road.players[].player.person.birthCountry.code|road.players[].player.person.birthCountry.name|road.players[].player.person.birthDate|road.players[].player.person.code|road.players[].player.person.country|road.players[].player.person.country.code|road.players[].player.person.country.name|road.players[].player.person.facebookAccount|road.players[].player.person.height|road.players[].player.person.images|road.players[].player.person.images.action|road.players[].player.person.instagramAccount|road.players[].player.person.isReferee|road.players[].player.person.jerseyName|road.players[].player.person.name|road.players[].player.person.passportName|road.players[].player.person.passportSurname|road.players[].player.person.twitterAccount|road.players[].player.person.weight|road.players[].player.position|road.players[].player.positionName|road.players[].player.season|road.players[].player.season.alias|road.players[].player.season.code|road.players[].player.season.competitionCode|road.players[].player.season.name|road.players[].player.season.startDate|road.players[].player.season.year|road.players[].player.startDate|road.players[].player.type|road.players[].player.typeName|road.players[].stats|road.players[].stats.accuracyAttempted|road.players[].stats.accuracyMade|road.players[].stats.assistances|road.players[].stats.blocksAgainst|road.players[].stats.blocksFavour|road.players[].stats.defensiveRebounds|road.players[].stats.dorsal|road.players[].stats.fieldGoalsAttempted2|road.players[].stats.fieldGoalsAttempted3|road.players[].stats.fieldGoalsAttemptedTotal|road.players[].stats.fieldGoalsMade2|road.players[].stats.fieldGoalsMade3|road.players[].stats.fieldGoalsMadeTotal|road.players[].stats.foulsCommited|road.players[].stats.foulsReceived|road.players[].stats.freeThrowsAttempted|road.players[].stats.freeThrowsMade|road.players[].stats.offensiveRebounds|road.players[].stats.plusMinus|road.players[].stats.points|road.players[].stats.startFive|road.players[].stats.startFive2|road.players[].stats.steals|road.players[].stats.timePlayed|road.players[].stats.totalRebounds|road.players[].stats.turnovers|road.players[].stats.valuation|road.team|road.team.accuracyAttempted|road.team.accuracyMade|road.team.assistances|road.team.blocksAgainst|road.team.blocksFavour|road.team.defensiveRebounds|road.team.fieldGoalsAttempted2|road.team.fieldGoalsAttempted3|road.team.fieldGoalsAttemptedTotal|road.team.fieldGoalsMade2|road.team.fieldGoalsMade3|road.team.fieldGoalsMadeTotal|road.team.foulsCommited|road.team.foulsReceived|road.team.freeThrowsAttempted|road.team.freeThrowsMade|road.team.offensiveRebounds|road.team.plusMinus|road.team.points|road.team.steals|road.team.timePlayed|road.team.totalRebounds|road.team.turnovers|road.team.valuation|road.total|road.total.accuracyAttempted|road.total.accuracyMade|road.total.assistances|road.total.blocksAgainst|road.total.blocksFavour|road.total.defensiveRebounds|road.total.fieldGoalsAttempted2|road.total.fieldGoalsAttempted3|road.total.fieldGoalsAttemptedTotal|road.total.fieldGoalsMade2|road.total.fieldGoalsMade3|road.total.fieldGoalsMadeTotal|road.total.foulsCommited|road.total.foulsReceived|road.total.freeThrowsAttempted|road.total.freeThrowsMade|road.total.offensiveRebounds|road.total.plusMinus|road.total.points|road.total.steals|road.total.timePlayed|road.total.totalRebounds|road.total.turnovers|road.total.valuation,
2022,E2022,schedule,True,False,1,1,328,,arenacapacity|arenacode|arenaname|awaycode|awayteam|awaytv|confirmeddate|confirmedtime|date|endtime|game|gamecode|gameday|group|homecode|hometeam|hometv|played|round|startime,
2022,E2022,results,True,False,1,1,328,,awaycode|awayscore|awayteam|date|gamecode|gameday|gamenumber|group|homecode|homescore|hometeam|played|round|time,
2022,E2022,rosters,True,False,1,1,326,,alias|code|countrycode|countryname|dorsal|name|position,
2022,E2022,boxscore,True,False,2,2,,2,Attendance|ByQuarter|EndOfQuarter|Live|Referees|Stats,
2022,E2022,player_stats,True,False,2,2,,24,Assistances|BlocksAgainst|BlocksFavour|DefensiveRebounds|Dorsal|FieldGoalsAttempted2|FieldGoalsAttempted3|FieldGoalsMade2|FieldGoalsMade3|FoulsCommited|FoulsReceived|FreeThrowsAttempted|FreeThrowsMade|IsPlaying|IsStarter|Minutes|OffensiveRebounds|Player|Player_ID|Plusminus|Points|Steals|Team|TotalRebounds|Turnovers|Valuation,
2022,E2022,team_stats,True,False,2,2,,2,Assistances|BlocksAgainst|BlocksFavour|DefensiveRebounds|FieldGoalsAttempted2|FieldGoalsAttempted3|FieldGoalsMade2|FieldGoalsMade3|FoulsCommited|FoulsReceived|FreeThrowsAttempted|FreeThrowsMade|Minutes|OffensiveRebounds|Points|Steals|TotalRebounds|Turnovers|Valuation,
2022,E2022,play_by_play,True,False,2,2,,447,CODETEAM|COMMENT|DORSAL|MARKERTIME|MINUTE|NUMBEROFPLAY|PLAYER|PLAYER_ID|PLAYINFO|PLAYTYPE|POINTS_A|POINTS_B|TEAM|TYPE,
2022,E2022,shots,True,False,2,2,,143,ACTION|CONSOLE|COORD_X|COORD_Y|FASTBREAK|ID_ACTION|ID_PLAYER|MINUTE|NUM_ANOT|PLAYER|POINTS|POINTS_A|POINTS_B|POINTS_OFF_TURNOVER|SECOND_CHANCE|TEAM|UTC|ZONE,
2022,E2022,v3_game_stats,True,False,2,2,,24,$|local|local.coach|local.coach.code|local.coach.name|local.players|local.players[]|local.players[].player|local.players[].player.active|local.players[].player.club|local.players[].player.club.abbreviatedName|local.players[].player.club.code|local.players[].player.club.editorialName|local.players[].player.club.images|local.players[].player.club.images.crest|local.players[].player.club.isVirtual|local.players[].player.club.name|local.players[].player.club.tvCode|local.players[].player.dorsal|local.players[].player.dorsalRaw|local.players[].player.endDate|local.players[].player.externalId|local.players[].player.images|local.players[].player.images.action|local.players[].player.images.headshot|local.players[].player.lastTeam|local.players[].player.order|local.players[].player.person|local.players[].player.person.abbreviatedName|local.players[].player.person.alias|local.players[].player.person.aliasRaw|local.players[].player.person.birthCountry|local.players[].player.person.birthCountry.code|local.players[].player.person.birthCountry.name|local.players[].player.person.birthDate|local.players[].player.person.code|local.players[].player.person.country|local.players[].player.person.country.code|local.players[].player.person.country.name|local.players[].player.person.facebookAccount|local.players[].player.person.height|local.players[].player.person.images|local.players[].player.person.images.action|local.players[].player.person.instagramAccount|local.players[].player.person.isReferee|local.players[].player.person.jerseyName|local.players[].player.person.name|local.players[].player.person.passportName|local.players[].player.person.passportSurname|local.players[].player.person.twitterAccount|local.players[].player.person.weight|local.players[].player.position|local.players[].player.positionName|local.players[].player.season|local.players[].player.season.alias|local.players[].player.season.code|local.players[].player.season.competitionCode|local.players[].player.season.name|local.players[].player.season.startDate|local.players[].player.season.year|local.players[].player.startDate|local.players[].player.type|local.players[].player.typeName|local.players[].stats|local.players[].stats.accuracyAttempted|local.players[].stats.accuracyMade|local.players[].stats.assistances|local.players[].stats.blocksAgainst|local.players[].stats.blocksFavour|local.players[].stats.defensiveRebounds|local.players[].stats.dorsal|local.players[].stats.fieldGoalsAttempted2|local.players[].stats.fieldGoalsAttempted3|local.players[].stats.fieldGoalsAttemptedTotal|local.players[].stats.fieldGoalsMade2|local.players[].stats.fieldGoalsMade3|local.players[].stats.fieldGoalsMadeTotal|local.players[].stats.foulsCommited|local.players[].stats.foulsReceived|local.players[].stats.freeThrowsAttempted|local.players[].stats.freeThrowsMade|local.players[].stats.offensiveRebounds|local.players[].stats.plusMinus|local.players[].stats.points|local.players[].stats.startFive|local.players[].stats.startFive2|local.players[].stats.steals|local.players[].stats.timePlayed|local.players[].stats.totalRebounds|local.players[].stats.turnovers|local.players[].stats.valuation|local.team|local.team.accuracyAttempted|local.team.accuracyMade|local.team.assistances|local.team.blocksAgainst|local.team.blocksFavour|local.team.defensiveRebounds|local.team.fieldGoalsAttempted2|local.team.fieldGoalsAttempted3|local.team.fieldGoalsAttemptedTotal|local.team.fieldGoalsMade2|local.team.fieldGoalsMade3|local.team.fieldGoalsMadeTotal|local.team.foulsCommited|local.team.foulsReceived|local.team.freeThrowsAttempted|local.team.freeThrowsMade|local.team.offensiveRebounds|local.team.plusMinus|local.team.points|local.team.steals|local.team.timePlayed|local.team.totalRebounds|local.team.turnovers|local.team.valuation|local.total|local.total.accuracyAttempted|local.total.accuracyMade|local.total.assistances|local.total.blocksAgainst|local.total.blocksFavour|local.total.defensiveRebounds|local.total.fieldGoalsAttempted2|local.total.fieldGoalsAttempted3|local.total.fieldGoalsAttemptedTotal|local.total.fieldGoalsMade2|local.total.fieldGoalsMade3|local.total.fieldGoalsMadeTotal|local.total.foulsCommited|local.total.foulsReceived|local.total.freeThrowsAttempted|local.total.freeThrowsMade|local.total.offensiveRebounds|local.total.plusMinus|local.total.points|local.total.steals|local.total.timePlayed|local.total.totalRebounds|local.total.turnovers|local.total.valuation|road|road.coach|road.coach.code|road.coach.name|road.players|road.players[]|road.players[].player|road.players[].player.active|road.players[].player.club|road.players[].player.club.abbreviatedName|road.players[].player.club.code|road.players[].player.club.editorialName|road.players[].player.club.images|road.players[].player.club.images.crest|road.players[].player.club.isVirtual|road.players[].player.club.name|road.players[].player.club.tvCode|road.players[].player.dorsal|road.players[].player.dorsalRaw|road.players[].player.endDate|road.players[].player.externalId|road.players[].player.images|road.players[].player.images.action|road.players[].player.images.headshot|road.players[].player.lastTeam|road.players[].player.order|road.players[].player.person|road.players[].player.person.abbreviatedName|road.players[].player.person.alias|road.players[].player.person.aliasRaw|road.players[].player.person.birthCountry|road.players[].player.person.birthCountry.code|road.players[].player.person.birthCountry.name|road.players[].player.person.birthDate|road.players[].player.person.code|road.players[].player.person.country|road.players[].player.person.country.code|road.players[].player.person.country.name|road.players[].player.person.facebookAccount|road.players[].player.person.height|road.players[].player.person.images|road.players[].player.person.instagramAccount|road.players[].player.person.isReferee|road.players[].player.person.jerseyName|road.players[].player.person.name|road.players[].player.person.passportName|road.players[].player.person.passportSurname|road.players[].player.person.twitterAccount|road.players[].player.person.weight|road.players[].player.position|road.players[].player.positionName|road.players[].player.season|road.players[].player.season.alias|road.players[].player.season.code|road.players[].player.season.competitionCode|road.players[].player.season.name|road.players[].player.season.startDate|road.players[].player.season.year|road.players[].player.startDate|road.players[].player.type|road.players[].player.typeName|road.players[].stats|road.players[].stats.accuracyAttempted|road.players[].stats.accuracyMade|road.players[].stats.assistances|road.players[].stats.blocksAgainst|road.players[].stats.blocksFavour|road.players[].stats.defensiveRebounds|road.players[].stats.dorsal|road.players[].stats.fieldGoalsAttempted2|road.players[].stats.fieldGoalsAttempted3|road.players[].stats.fieldGoalsAttemptedTotal|road.players[].stats.fieldGoalsMade2|road.players[].stats.fieldGoalsMade3|road.players[].stats.fieldGoalsMadeTotal|road.players[].stats.foulsCommited|road.players[].stats.foulsReceived|road.players[].stats.freeThrowsAttempted|road.players[].stats.freeThrowsMade|road.players[].stats.offensiveRebounds|road.players[].stats.plusMinus|road.players[].stats.points|road.players[].stats.startFive|road.players[].stats.startFive2|road.players[].stats.steals|road.players[].stats.timePlayed|road.players[].stats.totalRebounds|road.players[].stats.turnovers|road.players[].stats.valuation|road.team|road.team.accuracyAttempted|road.team.accuracyMade|road.team.assistances|road.team.blocksAgainst|road.team.blocksFavour|road.team.defensiveRebounds|road.team.fieldGoalsAttempted2|road.team.fieldGoalsAttempted3|road.team.fieldGoalsAttemptedTotal|road.team.fieldGoalsMade2|road.team.fieldGoalsMade3|road.team.fieldGoalsMadeTotal|road.team.foulsCommited|road.team.foulsReceived|road.team.freeThrowsAttempted|road.team.freeThrowsMade|road.team.offensiveRebounds|road.team.plusMinus|road.team.points|road.team.steals|road.team.timePlayed|road.team.totalRebounds|road.team.turnovers|road.team.valuation|road.total|road.total.accuracyAttempted|road.total.accuracyMade|road.total.assistances|road.total.blocksAgainst|road.total.blocksFavour|road.total.defensiveRebounds|road.total.fieldGoalsAttempted2|road.total.fieldGoalsAttempted3|road.total.fieldGoalsAttemptedTotal|road.total.fieldGoalsMade2|road.total.fieldGoalsMade3|road.total.fieldGoalsMadeTotal|road.total.foulsCommited|road.total.foulsReceived|road.total.freeThrowsAttempted|road.total.freeThrowsMade|road.total.offensiveRebounds|road.total.plusMinus|road.total.points|road.total.steals|road.total.timePlayed|road.total.totalRebounds|road.total.turnovers|road.total.valuation,
2021,E2021,schedule,True,False,1,1,327,,arenacapacity|arenacode|arenaname|awaycode|awayteam|awaytv|confirmeddate|confirmedtime|date|endtime|game|gamecode|gameday|group|homecode|hometeam|hometv|played|round|startime,
2021,E2021,results,True,False,1,1,299,,awaycode|awayscore|awayteam|date|gamecode|gameday|gamenumber|group|homecode|homescore|hometeam|played|round|time,
2021,E2021,rosters,True,False,1,1,328,,alias|code|countrycode|countryname|dorsal|name|position,
2021,E2021,boxscore,True,False,2,2,,2,Attendance|ByQuarter|EndOfQuarter|Live|Referees|Stats,
2021,E2021,player_stats,True,False,2,2,,24,Assistances|BlocksAgainst|BlocksFavour|DefensiveRebounds|Dorsal|FieldGoalsAttempted2|FieldGoalsAttempted3|FieldGoalsMade2|FieldGoalsMade3|FoulsCommited|FoulsReceived|FreeThrowsAttempted|FreeThrowsMade|IsPlaying|IsStarter|Minutes|OffensiveRebounds|Player|Player_ID|Plusminus|Points|Steals|Team|TotalRebounds|Turnovers|Valuation,
2021,E2021,team_stats,True,False,2,2,,2,Assistances|BlocksAgainst|BlocksFavour|DefensiveRebounds|FieldGoalsAttempted2|FieldGoalsAttempted3|FieldGoalsMade2|FieldGoalsMade3|FoulsCommited|FoulsReceived|FreeThrowsAttempted|FreeThrowsMade|Minutes|OffensiveRebounds|Points|Steals|TotalRebounds|Turnovers|Valuation,
2021,E2021,play_by_play,True,False,2,2,,482,CODETEAM|COMMENT|DORSAL|MARKERTIME|MINUTE|NUMBEROFPLAY|PLAYER|PLAYER_ID|PLAYINFO|PLAYTYPE|POINTS_A|POINTS_B|TEAM|TYPE,
2021,E2021,shots,True,False,2,2,,140,ACTION|CONSOLE|COORD_X|COORD_Y|FASTBREAK|ID_ACTION|ID_PLAYER|MINUTE|NUM_ANOT|PLAYER|POINTS|POINTS_A|POINTS_B|POINTS_OFF_TURNOVER|SECOND_CHANCE|TEAM|UTC|ZONE,
2021,E2021,v3_game_stats,True,False,2,2,,24,$|local|local.coach|local.coach.code|local.coach.name|local.players|local.players[]|local.players[].player|local.players[].player.active|local.players[].player.club|local.players[].player.club.abbreviatedName|local.players[].player.club.code|local.players[].player.club.editorialName|local.players[].player.club.images|local.players[].player.club.images.crest|local.players[].player.club.isVirtual|local.players[].player.club.name|local.players[].player.club.tvCode|local.players[].player.dorsal|local.players[].player.dorsalRaw|local.players[].player.endDate|local.players[].player.externalId|local.players[].player.images|local.players[].player.images.action|local.players[].player.images.headshot|local.players[].player.lastTeam|local.players[].player.order|local.players[].player.person|local.players[].player.person.abbreviatedName|local.players[].player.person.alias|local.players[].player.person.aliasRaw|local.players[].player.person.birthCountry|local.players[].player.person.birthCountry.code|local.players[].player.person.birthCountry.name|local.players[].player.person.birthDate|local.players[].player.person.code|local.players[].player.person.country|local.players[].player.person.country.code|local.players[].player.person.country.name|local.players[].player.person.facebookAccount|local.players[].player.person.height|local.players[].player.person.images|local.players[].player.person.images.action|local.players[].player.person.instagramAccount|local.players[].player.person.isReferee|local.players[].player.person.jerseyName|local.players[].player.person.name|local.players[].player.person.passportName|local.players[].player.person.passportSurname|local.players[].player.person.twitterAccount|local.players[].player.person.weight|local.players[].player.position|local.players[].player.positionName|local.players[].player.season|local.players[].player.season.alias|local.players[].player.season.code|local.players[].player.season.competitionCode|local.players[].player.season.name|local.players[].player.season.startDate|local.players[].player.season.year|local.players[].player.startDate|local.players[].player.type|local.players[].player.typeName|local.players[].stats|local.players[].stats.accuracyAttempted|local.players[].stats.accuracyMade|local.players[].stats.assistances|local.players[].stats.blocksAgainst|local.players[].stats.blocksFavour|local.players[].stats.defensiveRebounds|local.players[].stats.dorsal|local.players[].stats.fieldGoalsAttempted2|local.players[].stats.fieldGoalsAttempted3|local.players[].stats.fieldGoalsAttemptedTotal|local.players[].stats.fieldGoalsMade2|local.players[].stats.fieldGoalsMade3|local.players[].stats.fieldGoalsMadeTotal|local.players[].stats.foulsCommited|local.players[].stats.foulsReceived|local.players[].stats.freeThrowsAttempted|local.players[].stats.freeThrowsMade|local.players[].stats.offensiveRebounds|local.players[].stats.plusMinus|local.players[].stats.points|local.players[].stats.startFive|local.players[].stats.startFive2|local.players[].stats.steals|local.players[].stats.timePlayed|local.players[].stats.totalRebounds|local.players[].stats.turnovers|local.players[].stats.valuation|local.team|local.team.accuracyAttempted|local.team.accuracyMade|local.team.assistances|local.team.blocksAgainst|local.team.blocksFavour|local.team.defensiveRebounds|local.team.fieldGoalsAttempted2|local.team.fieldGoalsAttempted3|local.team.fieldGoalsAttemptedTotal|local.team.fieldGoalsMade2|local.team.fieldGoalsMade3|local.team.fieldGoalsMadeTotal|local.team.foulsCommited|local.team.foulsReceived|local.team.freeThrowsAttempted|local.team.freeThrowsMade|local.team.offensiveRebounds|local.team.plusMinus|local.team.points|local.team.steals|local.team.timePlayed|local.team.totalRebounds|local.team.turnovers|local.team.valuation|local.total|local.total.accuracyAttempted|local.total.accuracyMade|local.total.assistances|local.total.blocksAgainst|local.total.blocksFavour|local.total.defensiveRebounds|local.total.fieldGoalsAttempted2|local.total.fieldGoalsAttempted3|local.total.fieldGoalsAttemptedTotal|local.total.fieldGoalsMade2|local.total.fieldGoalsMade3|local.total.fieldGoalsMadeTotal|local.total.foulsCommited|local.total.foulsReceived|local.total.freeThrowsAttempted|local.total.freeThrowsMade|local.total.offensiveRebounds|local.total.plusMinus|local.total.points|local.total.steals|local.total.timePlayed|local.total.totalRebounds|local.total.turnovers|local.total.valuation|road|road.coach|road.coach.code|road.coach.name|road.players|road.players[]|road.players[].player|road.players[].player.active|road.players[].player.club|road.players[].player.club.abbreviatedName|road.players[].player.club.code|road.players[].player.club.editorialName|road.players[].player.club.images|road.players[].player.club.images.crest|road.players[].player.club.isVirtual|road.players[].player.club.name|road.players[].player.club.tvCode|road.players[].player.dorsal|road.players[].player.dorsalRaw|road.players[].player.endDate|road.players[].player.externalId|road.players[].player.images|road.players[].player.images.action|road.players[].player.images.headshot|road.players[].player.lastTeam|road.players[].player.order|road.players[].player.person|road.players[].player.person.abbreviatedName|road.players[].player.person.alias|road.players[].player.person.aliasRaw|road.players[].player.person.birthCountry|road.players[].player.person.birthCountry.code|road.players[].player.person.birthCountry.name|road.players[].player.person.birthDate|road.players[].player.person.code|road.players[].player.person.country|road.players[].player.person.country.code|road.players[].player.person.country.name|road.players[].player.person.facebookAccount|road.players[].player.person.height|road.players[].player.person.images|road.players[].player.person.images.headshot|road.players[].player.person.instagramAccount|road.players[].player.person.isReferee|road.players[].player.person.jerseyName|road.players[].player.person.name|road.players[].player.person.passportName|road.players[].player.person.passportSurname|road.players[].player.person.twitterAccount|road.players[].player.person.weight|road.players[].player.position|road.players[].player.positionName|road.players[].player.season|road.players[].player.season.alias|road.players[].player.season.code|road.players[].player.season.competitionCode|road.players[].player.season.name|road.players[].player.season.startDate|road.players[].player.season.year|road.players[].player.startDate|road.players[].player.type|road.players[].player.typeName|road.players[].stats|road.players[].stats.accuracyAttempted|road.players[].stats.accuracyMade|road.players[].stats.assistances|road.players[].stats.blocksAgainst|road.players[].stats.blocksFavour|road.players[].stats.defensiveRebounds|road.players[].stats.dorsal|road.players[].stats.fieldGoalsAttempted2|road.players[].stats.fieldGoalsAttempted3|road.players[].stats.fieldGoalsAttemptedTotal|road.players[].stats.fieldGoalsMade2|road.players[].stats.fieldGoalsMade3|road.players[].stats.fieldGoalsMadeTotal|road.players[].stats.foulsCommited|road.players[].stats.foulsReceived|road.players[].stats.freeThrowsAttempted|road.players[].stats.freeThrowsMade|road.players[].stats.offensiveRebounds|road.players[].stats.plusMinus|road.players[].stats.points|road.players[].stats.startFive|road.players[].stats.startFive2|road.players[].stats.steals|road.players[].stats.timePlayed|road.players[].stats.totalRebounds|road.players[].stats.turnovers|road.players[].stats.valuation|road.team|road.team.accuracyAttempted|road.team.accuracyMade|road.team.assistances|road.team.blocksAgainst|road.team.blocksFavour|road.team.defensiveRebounds|road.team.fieldGoalsAttempted2|road.team.fieldGoalsAttempted3|road.team.fieldGoalsAttemptedTotal|road.team.fieldGoalsMade2|road.team.fieldGoalsMade3|road.team.fieldGoalsMadeTotal|road.team.foulsCommited|road.team.foulsReceived|road.team.freeThrowsAttempted|road.team.freeThrowsMade|road.team.offensiveRebounds|road.team.plusMinus|road.team.points|road.team.steals|road.team.timePlayed|road.team.totalRebounds|road.team.turnovers|road.team.valuation|road.total|road.total.accuracyAttempted|road.total.accuracyMade|road.total.assistances|road.total.blocksAgainst|road.total.blocksFavour|road.total.defensiveRebounds|road.total.fieldGoalsAttempted2|road.total.fieldGoalsAttempted3|road.total.fieldGoalsAttemptedTotal|road.total.fieldGoalsMade2|road.total.fieldGoalsMade3|road.total.fieldGoalsMadeTotal|road.total.foulsCommited|road.total.foulsReceived|road.total.freeThrowsAttempted|road.total.freeThrowsMade|road.total.offensiveRebounds|road.total.plusMinus|road.total.points|road.total.steals|road.total.timePlayed|road.total.totalRebounds|road.total.turnovers|road.total.valuation,
2020,E2020,schedule,True,False,1,1,328,,arenacapacity|arenacode|arenaname|awaycode|awayteam|awaytv|confirmeddate|confirmedtime|date|endtime|game|gamecode|gameday|group|homecode|hometeam|hometv|played|round|startime,
2020,E2020,results,True,False,1,1,328,,awaycode|awayscore|awayteam|date|gamecode|gameday|gamenumber|group|homecode|homescore|hometeam|played|round|time,
2020,E2020,rosters,True,False,1,1,368,,alias|code|countrycode|countryname|dorsal|name|position,
2020,E2020,boxscore,True,False,2,2,,2,Attendance|ByQuarter|EndOfQuarter|Live|Referees|Stats,
2020,E2020,player_stats,True,False,2,2,,24,Assistances|BlocksAgainst|BlocksFavour|DefensiveRebounds|Dorsal|FieldGoalsAttempted2|FieldGoalsAttempted3|FieldGoalsMade2|FieldGoalsMade3|FoulsCommited|FoulsReceived|FreeThrowsAttempted|FreeThrowsMade|IsPlaying|IsStarter|Minutes|OffensiveRebounds|Player|Player_ID|Plusminus|Points|Steals|Team|TotalRebounds|Turnovers|Valuation,
2020,E2020,team_stats,True,False,2,2,,2,Assistances|BlocksAgainst|BlocksFavour|DefensiveRebounds|FieldGoalsAttempted2|FieldGoalsAttempted3|FieldGoalsMade2|FieldGoalsMade3|FoulsCommited|FoulsReceived|FreeThrowsAttempted|FreeThrowsMade|Minutes|OffensiveRebounds|Points|Steals|TotalRebounds|Turnovers|Valuation,
2020,E2020,play_by_play,True,False,2,2,,532,CODETEAM|COMMENT|DORSAL|MARKERTIME|MINUTE|NUMBEROFPLAY|PLAYER|PLAYER_ID|PLAYINFO|PLAYTYPE|POINTS_A|POINTS_B|TEAM|TYPE,
2020,E2020,shots,True,False,2,2,,141,ACTION|CONSOLE|COORD_X|COORD_Y|FASTBREAK|ID_ACTION|ID_PLAYER|MINUTE|NUM_ANOT|PLAYER|POINTS|POINTS_A|POINTS_B|POINTS_OFF_TURNOVER|SECOND_CHANCE|TEAM|UTC|ZONE,
2020,E2020,v3_game_stats,True,False,2,2,,24,$|local|local.coach|local.coach.code|local.coach.name|local.players|local.players[]|local.players[].player|local.players[].player.active|local.players[].player.club|local.players[].player.club.abbreviatedName|local.players[].player.club.code|local.players[].player.club.editorialName|local.players[].player.club.images|local.players[].player.club.images.crest|local.players[].player.club.isVirtual|local.players[].player.club.name|local.players[].player.club.tvCode|local.players[].player.dorsal|local.players[].player.dorsalRaw|local.players[].player.endDate|local.players[].player.externalId|local.players[].player.images|local.players[].player.images.action|local.players[].player.images.headshot|local.players[].player.lastTeam|local.players[].player.order|local.players[].player.person|local.players[].player.person.abbreviatedName|local.players[].player.person.alias|local.players[].player.person.aliasRaw|local.players[].player.person.birthCountry|local.players[].player.person.birthCountry.code|local.players[].player.person.birthCountry.name|local.players[].player.person.birthDate|local.players[].player.person.code|local.players[].player.person.country|local.players[].player.person.country.code|local.players[].player.person.country.name|local.players[].player.person.facebookAccount|local.players[].player.person.height|local.players[].player.person.images|local.players[].player.person.instagramAccount|local.players[].player.person.isReferee|local.players[].player.person.jerseyName|local.players[].player.person.name|local.players[].player.person.passportName|local.players[].player.person.passportSurname|local.players[].player.person.twitterAccount|local.players[].player.person.weight|local.players[].player.position|local.players[].player.positionName|local.players[].player.season|local.players[].player.season.alias|local.players[].player.season.code|local.players[].player.season.competitionCode|local.players[].player.season.name|local.players[].player.season.startDate|local.players[].player.season.year|local.players[].player.startDate|local.players[].player.type|local.players[].player.typeName|local.players[].stats|local.players[].stats.accuracyAttempted|local.players[].stats.accuracyMade|local.players[].stats.assistances|local.players[].stats.blocksAgainst|local.players[].stats.blocksFavour|local.players[].stats.defensiveRebounds|local.players[].stats.dorsal|local.players[].stats.fieldGoalsAttempted2|local.players[].stats.fieldGoalsAttempted3|local.players[].stats.fieldGoalsAttemptedTotal|local.players[].stats.fieldGoalsMade2|local.players[].stats.fieldGoalsMade3|local.players[].stats.fieldGoalsMadeTotal|local.players[].stats.foulsCommited|local.players[].stats.foulsReceived|local.players[].stats.freeThrowsAttempted|local.players[].stats.freeThrowsMade|local.players[].stats.offensiveRebounds|local.players[].stats.plusMinus|local.players[].stats.points|local.players[].stats.startFive|local.players[].stats.startFive2|local.players[].stats.steals|local.players[].stats.timePlayed|local.players[].stats.totalRebounds|local.players[].stats.turnovers|local.players[].stats.valuation|local.team|local.team.accuracyAttempted|local.team.accuracyMade|local.team.assistances|local.team.blocksAgainst|local.team.blocksFavour|local.team.defensiveRebounds|local.team.fieldGoalsAttempted2|local.team.fieldGoalsAttempted3|local.team.fieldGoalsAttemptedTotal|local.team.fieldGoalsMade2|local.team.fieldGoalsMade3|local.team.fieldGoalsMadeTotal|local.team.foulsCommited|local.team.foulsReceived|local.team.freeThrowsAttempted|local.team.freeThrowsMade|local.team.offensiveRebounds|local.team.plusMinus|local.team.points|local.team.steals|local.team.timePlayed|local.team.totalRebounds|local.team.turnovers|local.team.valuation|local.total|local.total.accuracyAttempted|local.total.accuracyMade|local.total.assistances|local.total.blocksAgainst|local.total.blocksFavour|local.total.defensiveRebounds|local.total.fieldGoalsAttempted2|local.total.fieldGoalsAttempted3|local.total.fieldGoalsAttemptedTotal|local.total.fieldGoalsMade2|local.total.fieldGoalsMade3|local.total.fieldGoalsMadeTotal|local.total.foulsCommited|local.total.foulsReceived|local.total.freeThrowsAttempted|local.total.freeThrowsMade|local.total.offensiveRebounds|local.total.plusMinus|local.total.points|local.total.steals|local.total.timePlayed|local.total.totalRebounds|local.total.turnovers|local.total.valuation|road|road.coach|road.coach.code|road.coach.name|road.players|road.players[]|road.players[].player|road.players[].player.active|road.players[].player.club|road.players[].player.club.abbreviatedName|road.players[].player.club.code|road.players[].player.club.editorialName|road.players[].player.club.images|road.players[].player.club.images.crest|road.players[].player.club.isVirtual|road.players[].player.club.name|road.players[].player.club.tvCode|road.players[].player.dorsal|road.players[].player.dorsalRaw|road.players[].player.endDate|road.players[].player.externalId|road.players[].player.images|road.players[].player.images.action|road.players[].player.images.headshot|road.players[].player.lastTeam|road.players[].player.order|road.players[].player.person|road.players[].player.person.abbreviatedName|road.players[].player.person.alias|road.players[].player.person.aliasRaw|road.players[].player.person.birthCountry|road.players[].player.person.birthCountry.code|road.players[].player.person.birthCountry.name|road.players[].player.person.birthDate|road.players[].player.person.code|road.players[].player.person.country|road.players[].player.person.country.code|road.players[].player.person.country.name|road.players[].player.person.facebookAccount|road.players[].player.person.height|road.players[].player.person.images|road.players[].player.person.images.headshot|road.players[].player.person.instagramAccount|road.players[].player.person.isReferee|road.players[].player.person.jerseyName|road.players[].player.person.name|road.players[].player.person.passportName|road.players[].player.person.passportSurname|road.players[].player.person.twitterAccount|road.players[].player.person.weight|road.players[].player.position|road.players[].player.positionName|road.players[].player.season|road.players[].player.season.alias|road.players[].player.season.code|road.players[].player.season.competitionCode|road.players[].player.season.name|road.players[].player.season.startDate|road.players[].player.season.year|road.players[].player.startDate|road.players[].player.type|road.players[].player.typeName|road.players[].stats|road.players[].stats.accuracyAttempted|road.players[].stats.accuracyMade|road.players[].stats.assistances|road.players[].stats.blocksAgainst|road.players[].stats.blocksFavour|road.players[].stats.defensiveRebounds|road.players[].stats.dorsal|road.players[].stats.fieldGoalsAttempted2|road.players[].stats.fieldGoalsAttempted3|road.players[].stats.fieldGoalsAttemptedTotal|road.players[].stats.fieldGoalsMade2|road.players[].stats.fieldGoalsMade3|road.players[].stats.fieldGoalsMadeTotal|road.players[].stats.foulsCommited|road.players[].stats.foulsReceived|road.players[].stats.freeThrowsAttempted|road.players[].stats.freeThrowsMade|road.players[].stats.offensiveRebounds|road.players[].stats.plusMinus|road.players[].stats.points|road.players[].stats.startFive|road.players[].stats.startFive2|road.players[].stats.steals|road.players[].stats.timePlayed|road.players[].stats.totalRebounds|road.players[].stats.turnovers|road.players[].stats.valuation|road.team|road.team.accuracyAttempted|road.team.accuracyMade|road.team.assistances|road.team.blocksAgainst|road.team.blocksFavour|road.team.defensiveRebounds|road.team.fieldGoalsAttempted2|road.team.fieldGoalsAttempted3|road.team.fieldGoalsAttemptedTotal|road.team.fieldGoalsMade2|road.team.fieldGoalsMade3|road.team.fieldGoalsMadeTotal|road.team.foulsCommited|road.team.foulsReceived|road.team.freeThrowsAttempted|road.team.freeThrowsMade|road.team.offensiveRebounds|road.team.plusMinus|road.team.points|road.team.steals|road.team.timePlayed|road.team.totalRebounds|road.team.turnovers|road.team.valuation|road.total|road.total.accuracyAttempted|road.total.accuracyMade|road.total.assistances|road.total.blocksAgainst|road.total.blocksFavour|road.total.defensiveRebounds|road.total.fieldGoalsAttempted2|road.total.fieldGoalsAttempted3|road.total.fieldGoalsAttemptedTotal|road.total.fieldGoalsMade2|road.total.fieldGoalsMade3|road.total.fieldGoalsMadeTotal|road.total.foulsCommited|road.total.foulsReceived|road.total.freeThrowsAttempted|road.total.freeThrowsMade|road.total.offensiveRebounds|road.total.plusMinus|road.total.points|road.total.steals|road.total.timePlayed|road.total.totalRebounds|road.total.turnovers|road.total.valuation,
2018,E2018,schedule,True,False,1,1,260,,arenacapacity|arenacode|arenaname|awaycode|awayteam|awaytv|confirmeddate|confirmedtime|date|endtime|game|gamecode|gameday|group|homecode|hometeam|hometv|played|round|startime,
2018,E2018,results,True,False,1,1,260,,awaycode|awayscore|awayteam|date|gamecode|gameday|gamenumber|group|homecode|homescore|hometeam|played|round|time,
2018,E2018,rosters,True,False,1,1,279,,alias|code|countrycode|countryname|dorsal|name|position,
2018,E2018,boxscore,True,False,2,2,,2,Attendance|ByQuarter|EndOfQuarter|Live|Referees|Stats,
2018,E2018,player_stats,True,False,2,2,,24,Assistances|BlocksAgainst|BlocksFavour|DefensiveRebounds|Dorsal|FieldGoalsAttempted2|FieldGoalsAttempted3|FieldGoalsMade2|FieldGoalsMade3|FoulsCommited|FoulsReceived|FreeThrowsAttempted|FreeThrowsMade|IsPlaying|IsStarter|Minutes|OffensiveRebounds|Player|Player_ID|Plusminus|Points|Steals|Team|TotalRebounds|Turnovers|Valuation,
2018,E2018,team_stats,True,False,2,2,,2,Assistances|BlocksAgainst|BlocksFavour|DefensiveRebounds|FieldGoalsAttempted2|FieldGoalsAttempted3|FieldGoalsMade2|FieldGoalsMade3|FoulsCommited|FoulsReceived|FreeThrowsAttempted|FreeThrowsMade|Minutes|OffensiveRebounds|Points|Steals|TotalRebounds|Turnovers|Valuation,
2018,E2018,play_by_play,True,False,2,2,,454,CODETEAM|COMMENT|DORSAL|MARKERTIME|MINUTE|NUMBEROFPLAY|PLAYER|PLAYER_ID|PLAYINFO|PLAYTYPE|POINTS_A|POINTS_B|TEAM|TYPE,
2018,E2018,shots,True,False,2,2,,144,ACTION|CONSOLE|COORD_X|COORD_Y|FASTBREAK|ID_ACTION|ID_PLAYER|MINUTE|NUM_ANOT|PLAYER|POINTS|POINTS_A|POINTS_B|POINTS_OFF_TURNOVER|SECOND_CHANCE|TEAM|UTC|ZONE,
2018,E2018,v3_game_stats,True,False,2,2,,24,$|local|local.coach|local.coach.code|local.coach.name|local.players|local.players[]|local.players[].player|local.players[].player.active|local.players[].player.club|local.players[].player.club.abbreviatedName|local.players[].player.club.code|local.players[].player.club.editorialName|local.players[].player.club.images|local.players[].player.club.images.crest|local.players[].player.club.isVirtual|local.players[].player.club.name|local.players[].player.club.tvCode|local.players[].player.dorsal|local.players[].player.dorsalRaw|local.players[].player.endDate|local.players[].player.externalId|local.players[].player.images|local.players[].player.images.action|local.players[].player.images.headshot|local.players[].player.lastTeam|local.players[].player.order|local.players[].player.person|local.players[].player.person.abbreviatedName|local.players[].player.person.alias|local.players[].player.person.aliasRaw|local.players[].player.person.birthCountry|local.players[].player.person.birthCountry.code|local.players[].player.person.birthCountry.name|local.players[].player.person.birthDate|local.players[].player.person.code|local.players[].player.person.country|local.players[].player.person.country.code|local.players[].player.person.country.name|local.players[].player.person.facebookAccount|local.players[].player.person.height|local.players[].player.person.images|local.players[].player.person.images.headshot|local.players[].player.person.instagramAccount|local.players[].player.person.isReferee|local.players[].player.person.jerseyName|local.players[].player.person.name|local.players[].player.person.passportName|local.players[].player.person.passportSurname|local.players[].player.person.twitterAccount|local.players[].player.person.weight|local.players[].player.position|local.players[].player.positionName|local.players[].player.season|local.players[].player.season.alias|local.players[].player.season.code|local.players[].player.season.competitionCode|local.players[].player.season.name|local.players[].player.season.startDate|local.players[].player.season.year|local.players[].player.startDate|local.players[].player.type|local.players[].player.typeName|local.players[].stats|local.players[].stats.accuracyAttempted|local.players[].stats.accuracyMade|local.players[].stats.assistances|local.players[].stats.blocksAgainst|local.players[].stats.blocksFavour|local.players[].stats.defensiveRebounds|local.players[].stats.dorsal|local.players[].stats.fieldGoalsAttempted2|local.players[].stats.fieldGoalsAttempted3|local.players[].stats.fieldGoalsAttemptedTotal|local.players[].stats.fieldGoalsMade2|local.players[].stats.fieldGoalsMade3|local.players[].stats.fieldGoalsMadeTotal|local.players[].stats.foulsCommited|local.players[].stats.foulsReceived|local.players[].stats.freeThrowsAttempted|local.players[].stats.freeThrowsMade|local.players[].stats.offensiveRebounds|local.players[].stats.plusMinus|local.players[].stats.points|local.players[].stats.startFive|local.players[].stats.startFive2|local.players[].stats.steals|local.players[].stats.timePlayed|local.players[].stats.totalRebounds|local.players[].stats.turnovers|local.players[].stats.valuation|local.team|local.team.accuracyAttempted|local.team.accuracyMade|local.team.assistances|local.team.blocksAgainst|local.team.blocksFavour|local.team.defensiveRebounds|local.team.fieldGoalsAttempted2|local.team.fieldGoalsAttempted3|local.team.fieldGoalsAttemptedTotal|local.team.fieldGoalsMade2|local.team.fieldGoalsMade3|local.team.fieldGoalsMadeTotal|local.team.foulsCommited|local.team.foulsReceived|local.team.freeThrowsAttempted|local.team.freeThrowsMade|local.team.offensiveRebounds|local.team.plusMinus|local.team.points|local.team.steals|local.team.timePlayed|local.team.totalRebounds|local.team.turnovers|local.team.valuation|local.total|local.total.accuracyAttempted|local.total.accuracyMade|local.total.assistances|local.total.blocksAgainst|local.total.blocksFavour|local.total.defensiveRebounds|local.total.fieldGoalsAttempted2|local.total.fieldGoalsAttempted3|local.total.fieldGoalsAttemptedTotal|local.total.fieldGoalsMade2|local.total.fieldGoalsMade3|local.total.fieldGoalsMadeTotal|local.total.foulsCommited|local.total.foulsReceived|local.total.freeThrowsAttempted|local.total.freeThrowsMade|local.total.offensiveRebounds|local.total.plusMinus|local.total.points|local.total.steals|local.total.timePlayed|local.total.totalRebounds|local.total.turnovers|local.total.valuation|road|road.coach|road.coach.code|road.coach.name|road.players|road.players[]|road.players[].player|road.players[].player.active|road.players[].player.club|road.players[].player.club.abbreviatedName|road.players[].player.club.code|road.players[].player.club.editorialName|road.players[].player.club.images|road.players[].player.club.images.crest|road.players[].player.club.isVirtual|road.players[].player.club.name|road.players[].player.club.tvCode|road.players[].player.dorsal|road.players[].player.dorsalRaw|road.players[].player.endDate|road.players[].player.externalId|road.players[].player.images|road.players[].player.images.action|road.players[].player.images.headshot|road.players[].player.lastTeam|road.players[].player.order|road.players[].player.person|road.players[].player.person.abbreviatedName|road.players[].player.person.alias|road.players[].player.person.aliasRaw|road.players[].player.person.birthCountry|road.players[].player.person.birthCountry.code|road.players[].player.person.birthCountry.name|road.players[].player.person.birthDate|road.players[].player.person.code|road.players[].player.person.country|road.players[].player.person.country.code|road.players[].player.person.country.name|road.players[].player.person.facebookAccount|road.players[].player.person.height|road.players[].player.person.images|road.players[].player.person.instagramAccount|road.players[].player.person.isReferee|road.players[].player.person.jerseyName|road.players[].player.person.name|road.players[].player.person.passportName|road.players[].player.person.passportSurname|road.players[].player.person.twitterAccount|road.players[].player.person.weight|road.players[].player.position|road.players[].player.positionName|road.players[].player.season|road.players[].player.season.alias|road.players[].player.season.code|road.players[].player.season.competitionCode|road.players[].player.season.name|road.players[].player.season.startDate|road.players[].player.season.year|road.players[].player.startDate|road.players[].player.type|road.players[].player.typeName|road.players[].stats|road.players[].stats.accuracyAttempted|road.players[].stats.accuracyMade|road.players[].stats.assistances|road.players[].stats.blocksAgainst|road.players[].stats.blocksFavour|road.players[].stats.defensiveRebounds|road.players[].stats.dorsal|road.players[].stats.fieldGoalsAttempted2|road.players[].stats.fieldGoalsAttempted3|road.players[].stats.fieldGoalsAttemptedTotal|road.players[].stats.fieldGoalsMade2|road.players[].stats.fieldGoalsMade3|road.players[].stats.fieldGoalsMadeTotal|road.players[].stats.foulsCommited|road.players[].stats.foulsReceived|road.players[].stats.freeThrowsAttempted|road.players[].stats.freeThrowsMade|road.players[].stats.offensiveRebounds|road.players[].stats.plusMinus|road.players[].stats.points|road.players[].stats.startFive|road.players[].stats.startFive2|road.players[].stats.steals|road.players[].stats.timePlayed|road.players[].stats.totalRebounds|road.players[].stats.turnovers|road.players[].stats.valuation|road.team|road.team.accuracyAttempted|road.team.accuracyMade|road.team.assistances|road.team.blocksAgainst|road.team.blocksFavour|road.team.defensiveRebounds|road.team.fieldGoalsAttempted2|road.team.fieldGoalsAttempted3|road.team.fieldGoalsAttemptedTotal|road.team.fieldGoalsMade2|road.team.fieldGoalsMade3|road.team.fieldGoalsMadeTotal|road.team.foulsCommited|road.team.foulsReceived|road.team.freeThrowsAttempted|road.team.freeThrowsMade|road.team.offensiveRebounds|road.team.plusMinus|road.team.points|road.team.steals|road.team.timePlayed|road.team.totalRebounds|road.team.turnovers|road.team.valuation|road.total|road.total.accuracyAttempted|road.total.accuracyMade|road.total.assistances|road.total.blocksAgainst|road.total.blocksFavour|road.total.defensiveRebounds|road.total.fieldGoalsAttempted2|road.total.fieldGoalsAttempted3|road.total.fieldGoalsAttemptedTotal|road.total.fieldGoalsMade2|road.total.fieldGoalsMade3|road.total.fieldGoalsMadeTotal|road.total.foulsCommited|road.total.foulsReceived|road.total.freeThrowsAttempted|road.total.freeThrowsMade|road.total.offensiveRebounds|road.total.plusMinus|road.total.points|road.total.steals|road.total.timePlayed|road.total.totalRebounds|road.total.turnovers|road.total.valuation,
2015,E2015,schedule,True,False,1,1,250,,arenacapacity|arenacode|arenaname|awaycode|awayteam|awaytv|confirmeddate|confirmedtime|date|endtime|game|gamecode|gameday|group|homecode|hometeam|hometv|played|round|startime,
2015,E2015,results,True,False,1,1,250,,awaycode|awayscore|awayteam|date|gamecode|gameday|gamenumber|group|homecode|homescore|hometeam|played|round|time,
2015,E2015,rosters,True,False,1,1,391,,alias|code|countrycode|countryname|dorsal|name|position,
2015,E2015,boxscore,True,False,2,2,,2,Attendance|ByQuarter|EndOfQuarter|Live|Referees|Stats,
2015,E2015,player_stats,True,False,2,2,,24,Assistances|BlocksAgainst|BlocksFavour|DefensiveRebounds|Dorsal|FieldGoalsAttempted2|FieldGoalsAttempted3|FieldGoalsMade2|FieldGoalsMade3|FoulsCommited|FoulsReceived|FreeThrowsAttempted|FreeThrowsMade|IsPlaying|IsStarter|Minutes|OffensiveRebounds|Player|Player_ID|Plusminus|Points|Steals|Team|TotalRebounds|Turnovers|Valuation,
2015,E2015,team_stats,True,False,2,2,,2,Assistances|BlocksAgainst|BlocksFavour|DefensiveRebounds|FieldGoalsAttempted2|FieldGoalsAttempted3|FieldGoalsMade2|FieldGoalsMade3|FoulsCommited|FoulsReceived|FreeThrowsAttempted|FreeThrowsMade|Minutes|OffensiveRebounds|Points|Steals|TotalRebounds|Turnovers|Valuation,
2015,E2015,play_by_play,True,False,2,2,,523,CODETEAM|COMMENT|DORSAL|MARKERTIME|MINUTE|NUMBEROFPLAY|PLAYER|PLAYER_ID|PLAYINFO|PLAYTYPE|POINTS_A|POINTS_B|TEAM|TYPE,
2015,E2015,shots,True,False,2,2,,153,ACTION|CONSOLE|COORD_X|COORD_Y|FASTBREAK|ID_ACTION|ID_PLAYER|MINUTE|NUM_ANOT|PLAYER|POINTS|POINTS_A|POINTS_B|POINTS_OFF_TURNOVER|SECOND_CHANCE|TEAM|UTC|ZONE,
2015,E2015,v3_game_stats,True,False,2,2,,24,$|local|local.coach|local.coach.code|local.coach.name|local.players|local.players[]|local.players[].player|local.players[].player.active|local.players[].player.club|local.players[].player.club.abbreviatedName|local.players[].player.club.code|local.players[].player.club.editorialName|local.players[].player.club.images|local.players[].player.club.images.crest|local.players[].player.club.isVirtual|local.players[].player.club.name|local.players[].player.club.tvCode|local.players[].player.dorsal|local.players[].player.dorsalRaw|local.players[].player.endDate|local.players[].player.externalId|local.players[].player.images|local.players[].player.images.action|local.players[].player.images.headshot|local.players[].player.lastTeam|local.players[].player.order|local.players[].player.person|local.players[].player.person.abbreviatedName|local.players[].player.person.alias|local.players[].player.person.aliasRaw|local.players[].player.person.birthCountry|local.players[].player.person.birthCountry.code|local.players[].player.person.birthCountry.name|local.players[].player.person.birthDate|local.players[].player.person.code|local.players[].player.person.country|local.players[].player.person.country.code|local.players[].player.person.country.name|local.players[].player.person.facebookAccount|local.players[].player.person.height|local.players[].player.person.images|local.players[].player.person.instagramAccount|local.players[].player.person.isReferee|local.players[].player.person.jerseyName|local.players[].player.person.name|local.players[].player.person.passportName|local.players[].player.person.passportSurname|local.players[].player.person.twitterAccount|local.players[].player.person.weight|local.players[].player.position|local.players[].player.positionName|local.players[].player.season|local.players[].player.season.alias|local.players[].player.season.code|local.players[].player.season.competitionCode|local.players[].player.season.name|local.players[].player.season.startDate|local.players[].player.season.year|local.players[].player.startDate|local.players[].player.type|local.players[].player.typeName|local.players[].stats|local.players[].stats.accuracyAttempted|local.players[].stats.accuracyMade|local.players[].stats.assistances|local.players[].stats.blocksAgainst|local.players[].stats.blocksFavour|local.players[].stats.defensiveRebounds|local.players[].stats.dorsal|local.players[].stats.fieldGoalsAttempted2|local.players[].stats.fieldGoalsAttempted3|local.players[].stats.fieldGoalsAttemptedTotal|local.players[].stats.fieldGoalsMade2|local.players[].stats.fieldGoalsMade3|local.players[].stats.fieldGoalsMadeTotal|local.players[].stats.foulsCommited|local.players[].stats.foulsReceived|local.players[].stats.freeThrowsAttempted|local.players[].stats.freeThrowsMade|local.players[].stats.offensiveRebounds|local.players[].stats.plusMinus|local.players[].stats.points|local.players[].stats.startFive|local.players[].stats.startFive2|local.players[].stats.steals|local.players[].stats.timePlayed|local.players[].stats.totalRebounds|local.players[].stats.turnovers|local.players[].stats.valuation|local.team|local.team.accuracyAttempted|local.team.accuracyMade|local.team.assistances|local.team.blocksAgainst|local.team.blocksFavour|local.team.defensiveRebounds|local.team.fieldGoalsAttempted2|local.team.fieldGoalsAttempted3|local.team.fieldGoalsAttemptedTotal|local.team.fieldGoalsMade2|local.team.fieldGoalsMade3|local.team.fieldGoalsMadeTotal|local.team.foulsCommited|local.team.foulsReceived|local.team.freeThrowsAttempted|local.team.freeThrowsMade|local.team.offensiveRebounds|local.team.plusMinus|local.team.points|local.team.steals|local.team.timePlayed|local.team.totalRebounds|local.team.turnovers|local.team.valuation|local.total|local.total.accuracyAttempted|local.total.accuracyMade|local.total.assistances|local.total.blocksAgainst|local.total.blocksFavour|local.total.defensiveRebounds|local.total.fieldGoalsAttempted2|local.total.fieldGoalsAttempted3|local.total.fieldGoalsAttemptedTotal|local.total.fieldGoalsMade2|local.total.fieldGoalsMade3|local.total.fieldGoalsMadeTotal|local.total.foulsCommited|local.total.foulsReceived|local.total.freeThrowsAttempted|local.total.freeThrowsMade|local.total.offensiveRebounds|local.total.plusMinus|local.total.points|local.total.steals|local.total.timePlayed|local.total.totalRebounds|local.total.turnovers|local.total.valuation|road|road.coach|road.coach.code|road.coach.name|road.players|road.players[]|road.players[].player|road.players[].player.active|road.players[].player.club|road.players[].player.club.abbreviatedName|road.players[].player.club.code|road.players[].player.club.editorialName|road.players[].player.club.images|road.players[].player.club.images.crest|road.players[].player.club.isVirtual|road.players[].player.club.name|road.players[].player.club.tvCode|road.players[].player.dorsal|road.players[].player.dorsalRaw|road.players[].player.endDate|road.players[].player.externalId|road.players[].player.images|road.players[].player.images.action|road.players[].player.images.headshot|road.players[].player.lastTeam|road.players[].player.order|road.players[].player.person|road.players[].player.person.abbreviatedName|road.players[].player.person.alias|road.players[].player.person.aliasRaw|road.players[].player.person.birthCountry|road.players[].player.person.birthCountry.code|road.players[].player.person.birthCountry.name|road.players[].player.person.birthDate|road.players[].player.person.code|road.players[].player.person.country|road.players[].player.person.country.code|road.players[].player.person.country.name|road.players[].player.person.facebookAccount|road.players[].player.person.height|road.players[].player.person.images|road.players[].player.person.instagramAccount|road.players[].player.person.isReferee|road.players[].player.person.jerseyName|road.players[].player.person.name|road.players[].player.person.passportName|road.players[].player.person.passportSurname|road.players[].player.person.twitterAccount|road.players[].player.person.weight|road.players[].player.position|road.players[].player.positionName|road.players[].player.season|road.players[].player.season.alias|road.players[].player.season.code|road.players[].player.season.competitionCode|road.players[].player.season.name|road.players[].player.season.startDate|road.players[].player.season.year|road.players[].player.startDate|road.players[].player.type|road.players[].player.typeName|road.players[].stats|road.players[].stats.accuracyAttempted|road.players[].stats.accuracyMade|road.players[].stats.assistances|road.players[].stats.blocksAgainst|road.players[].stats.blocksFavour|road.players[].stats.defensiveRebounds|road.players[].stats.dorsal|road.players[].stats.fieldGoalsAttempted2|road.players[].stats.fieldGoalsAttempted3|road.players[].stats.fieldGoalsAttemptedTotal|road.players[].stats.fieldGoalsMade2|road.players[].stats.fieldGoalsMade3|road.players[].stats.fieldGoalsMadeTotal|road.players[].stats.foulsCommited|road.players[].stats.foulsReceived|road.players[].stats.freeThrowsAttempted|road.players[].stats.freeThrowsMade|road.players[].stats.offensiveRebounds|road.players[].stats.plusMinus|road.players[].stats.points|road.players[].stats.startFive|road.players[].stats.startFive2|road.players[].stats.steals|road.players[].stats.timePlayed|road.players[].stats.totalRebounds|road.players[].stats.turnovers|road.players[].stats.valuation|road.team|road.team.accuracyAttempted|road.team.accuracyMade|road.team.assistances|road.team.blocksAgainst|road.team.blocksFavour|road.team.defensiveRebounds|road.team.fieldGoalsAttempted2|road.team.fieldGoalsAttempted3|road.team.fieldGoalsAttemptedTotal|road.team.fieldGoalsMade2|road.team.fieldGoalsMade3|road.team.fieldGoalsMadeTotal|road.team.foulsCommited|road.team.foulsReceived|road.team.freeThrowsAttempted|road.team.freeThrowsMade|road.team.offensiveRebounds|road.team.plusMinus|road.team.points|road.team.steals|road.team.timePlayed|road.team.totalRebounds|road.team.turnovers|road.team.valuation|road.total|road.total.accuracyAttempted|road.total.accuracyMade|road.total.assistances|road.total.blocksAgainst|road.total.blocksFavour|road.total.defensiveRebounds|road.total.fieldGoalsAttempted2|road.total.fieldGoalsAttempted3|road.total.fieldGoalsAttemptedTotal|road.total.fieldGoalsMade2|road.total.fieldGoalsMade3|road.total.fieldGoalsMadeTotal|road.total.foulsCommited|road.total.foulsReceived|road.total.freeThrowsAttempted|road.total.freeThrowsMade|road.total.offensiveRebounds|road.total.plusMinus|road.total.points|road.total.steals|road.total.timePlayed|road.total.totalRebounds|road.total.turnovers|road.total.valuation,
2010,E2010,schedule,True,False,1,1,189,,arenacapacity|arenacode|arenaname|awaycode|awayteam|awaytv|confirmeddate|confirmedtime|date|endtime|game|gamecode|gameday|group|homecode|hometeam|hometv|played|round|startime,
2010,E2010,results,True,False,1,1,189,,awaycode|awayscore|awayteam|date|gamecode|gameday|gamenumber|group|homecode|homescore|hometeam|played|round|time,
2010,E2010,rosters,True,False,1,1,401,,alias|code|countrycode|countryname|dorsal|name|position,
2010,E2010,boxscore,True,False,2,2,,2,Attendance|ByQuarter|EndOfQuarter|Live|Referees|Stats,
2010,E2010,player_stats,True,False,2,2,,22,Assistances|BlocksAgainst|BlocksFavour|DefensiveRebounds|Dorsal|FieldGoalsAttempted2|FieldGoalsAttempted3|FieldGoalsMade2|FieldGoalsMade3|FoulsCommited|FoulsReceived|FreeThrowsAttempted|FreeThrowsMade|IsPlaying|IsStarter|Minutes|OffensiveRebounds|Player|Player_ID|Plusminus|Points|Steals|Team|TotalRebounds|Turnovers|Valuation,
2010,E2010,team_stats,True,False,2,2,,2,Assistances|BlocksAgainst|BlocksFavour|DefensiveRebounds|FieldGoalsAttempted2|FieldGoalsAttempted3|FieldGoalsMade2|FieldGoalsMade3|FoulsCommited|FoulsReceived|FreeThrowsAttempted|FreeThrowsMade|Minutes|OffensiveRebounds|Points|Steals|TotalRebounds|Turnovers|Valuation,
2010,E2010,play_by_play,True,False,2,2,,545,CODETEAM|COMMENT|DORSAL|MARKERTIME|MINUTE|NUMBEROFPLAY|PLAYER|PLAYER_ID|PLAYINFO|PLAYTYPE|POINTS_A|POINTS_B|TEAM|TYPE,
2010,E2010,shots,True,False,2,2,,150,ACTION|CONSOLE|COORD_X|COORD_Y|FASTBREAK|ID_ACTION|ID_PLAYER|MINUTE|NUM_ANOT|PLAYER|POINTS|POINTS_A|POINTS_B|POINTS_OFF_TURNOVER|SECOND_CHANCE|TEAM|UTC|ZONE,
2010,E2010,v3_game_stats,True,False,2,2,,22,$|local|local.coach|local.coach.code|local.coach.name|local.players|local.players[]|local.players[].player|local.players[].player.active|local.players[].player.club|local.players[].player.club.abbreviatedName|local.players[].player.club.code|local.players[].player.club.editorialName|local.players[].player.club.images|local.players[].player.club.images.crest|local.players[].player.club.isVirtual|local.players[].player.club.name|local.players[].player.club.tvCode|local.players[].player.dorsal|local.players[].player.dorsalRaw|local.players[].player.endDate|local.players[].player.externalId|local.players[].player.images|local.players[].player.lastTeam|local.players[].player.order|local.players[].player.person|local.players[].player.person.abbreviatedName|local.players[].player.person.alias|local.players[].player.person.aliasRaw|local.players[].player.person.birthCountry|local.players[].player.person.birthCountry.code|local.players[].player.person.birthCountry.name|local.players[].player.person.birthDate|local.players[].player.person.code|local.players[].player.person.country|local.players[].player.person.country.code|local.players[].player.person.country.name|local.players[].player.person.facebookAccount|local.players[].player.person.height|local.players[].player.person.images|local.players[].player.person.instagramAccount|local.players[].player.person.isReferee|local.players[].player.person.jerseyName|local.players[].player.person.name|local.players[].player.person.passportName|local.players[].player.person.passportSurname|local.players[].player.person.twitterAccount|local.players[].player.person.weight|local.players[].player.position|local.players[].player.positionName|local.players[].player.season|local.players[].player.season.alias|local.players[].player.season.code|local.players[].player.season.competitionCode|local.players[].player.season.name|local.players[].player.season.startDate|local.players[].player.season.year|local.players[].player.startDate|local.players[].player.type|local.players[].player.typeName|local.players[].stats|local.players[].stats.accuracyAttempted|local.players[].stats.accuracyMade|local.players[].stats.assistances|local.players[].stats.blocksAgainst|local.players[].stats.blocksFavour|local.players[].stats.defensiveRebounds|local.players[].stats.dorsal|local.players[].stats.fieldGoalsAttempted2|local.players[].stats.fieldGoalsAttempted3|local.players[].stats.fieldGoalsAttemptedTotal|local.players[].stats.fieldGoalsMade2|local.players[].stats.fieldGoalsMade3|local.players[].stats.fieldGoalsMadeTotal|local.players[].stats.foulsCommited|local.players[].stats.foulsReceived|local.players[].stats.freeThrowsAttempted|local.players[].stats.freeThrowsMade|local.players[].stats.offensiveRebounds|local.players[].stats.plusMinus|local.players[].stats.points|local.players[].stats.startFive|local.players[].stats.startFive2|local.players[].stats.steals|local.players[].stats.timePlayed|local.players[].stats.totalRebounds|local.players[].stats.turnovers|local.players[].stats.valuation|local.team|local.team.accuracyAttempted|local.team.accuracyMade|local.team.assistances|local.team.blocksAgainst|local.team.blocksFavour|local.team.defensiveRebounds|local.team.fieldGoalsAttempted2|local.team.fieldGoalsAttempted3|local.team.fieldGoalsAttemptedTotal|local.team.fieldGoalsMade2|local.team.fieldGoalsMade3|local.team.fieldGoalsMadeTotal|local.team.foulsCommited|local.team.foulsReceived|local.team.freeThrowsAttempted|local.team.freeThrowsMade|local.team.offensiveRebounds|local.team.plusMinus|local.team.points|local.team.steals|local.team.timePlayed|local.team.totalRebounds|local.team.turnovers|local.team.valuation|local.total|local.total.accuracyAttempted|local.total.accuracyMade|local.total.assistances|local.total.blocksAgainst|local.total.blocksFavour|local.total.defensiveRebounds|local.total.fieldGoalsAttempted2|local.total.fieldGoalsAttempted3|local.total.fieldGoalsAttemptedTotal|local.total.fieldGoalsMade2|local.total.fieldGoalsMade3|local.total.fieldGoalsMadeTotal|local.total.foulsCommited|local.total.foulsReceived|local.total.freeThrowsAttempted|local.total.freeThrowsMade|local.total.offensiveRebounds|local.total.plusMinus|local.total.points|local.total.steals|local.total.timePlayed|local.total.totalRebounds|local.total.turnovers|local.total.valuation|road|road.coach|road.coach.code|road.coach.name|road.players|road.players[]|road.players[].player|road.players[].player.active|road.players[].player.club|road.players[].player.club.abbreviatedName|road.players[].player.club.code|road.players[].player.club.editorialName|road.players[].player.club.images|road.players[].player.club.images.crest|road.players[].player.club.isVirtual|road.players[].player.club.name|road.players[].player.club.tvCode|road.players[].player.dorsal|road.players[].player.dorsalRaw|road.players[].player.endDate|road.players[].player.externalId|road.players[].player.images|road.players[].player.lastTeam|road.players[].player.order|road.players[].player.person|road.players[].player.person.abbreviatedName|road.players[].player.person.alias|road.players[].player.person.aliasRaw|road.players[].player.person.birthCountry|road.players[].player.person.birthCountry.code|road.players[].player.person.birthCountry.name|road.players[].player.person.birthDate|road.players[].player.person.code|road.players[].player.person.country|road.players[].player.person.country.code|road.players[].player.person.country.name|road.players[].player.person.facebookAccount|road.players[].player.person.height|road.players[].player.person.images|road.players[].player.person.instagramAccount|road.players[].player.person.isReferee|road.players[].player.person.jerseyName|road.players[].player.person.name|road.players[].player.person.passportName|road.players[].player.person.passportSurname|road.players[].player.person.twitterAccount|road.players[].player.person.weight|road.players[].player.position|road.players[].player.positionName|road.players[].player.season|road.players[].player.season.alias|road.players[].player.season.code|road.players[].player.season.competitionCode|road.players[].player.season.name|road.players[].player.season.startDate|road.players[].player.season.year|road.players[].player.startDate|road.players[].player.type|road.players[].player.typeName|road.players[].stats|road.players[].stats.accuracyAttempted|road.players[].stats.accuracyMade|road.players[].stats.assistances|road.players[].stats.blocksAgainst|road.players[].stats.blocksFavour|road.players[].stats.defensiveRebounds|road.players[].stats.dorsal|road.players[].stats.fieldGoalsAttempted2|road.players[].stats.fieldGoalsAttempted3|road.players[].stats.fieldGoalsAttemptedTotal|road.players[].stats.fieldGoalsMade2|road.players[].stats.fieldGoalsMade3|road.players[].stats.fieldGoalsMadeTotal|road.players[].stats.foulsCommited|road.players[].stats.foulsReceived|road.players[].stats.freeThrowsAttempted|road.players[].stats.freeThrowsMade|road.players[].stats.offensiveRebounds|road.players[].stats.plusMinus|road.players[].stats.points|road.players[].stats.startFive|road.players[].stats.startFive2|road.players[].stats.steals|road.players[].stats.timePlayed|road.players[].stats.totalRebounds|road.players[].stats.turnovers|road.players[].stats.valuation|road.team|road.team.accuracyAttempted|road.team.accuracyMade|road.team.assistances|road.team.blocksAgainst|road.team.blocksFavour|road.team.defensiveRebounds|road.team.fieldGoalsAttempted2|road.team.fieldGoalsAttempted3|road.team.fieldGoalsAttemptedTotal|road.team.fieldGoalsMade2|road.team.fieldGoalsMade3|road.team.fieldGoalsMadeTotal|road.team.foulsCommited|road.team.foulsReceived|road.team.freeThrowsAttempted|road.team.freeThrowsMade|road.team.offensiveRebounds|road.team.plusMinus|road.team.points|road.team.steals|road.team.timePlayed|road.team.totalRebounds|road.team.turnovers|road.team.valuation|road.total|road.total.accuracyAttempted|road.total.accuracyMade|road.total.assistances|road.total.blocksAgainst|road.total.blocksFavour|road.total.defensiveRebounds|road.total.fieldGoalsAttempted2|road.total.fieldGoalsAttempted3|road.total.fieldGoalsAttemptedTotal|road.total.fieldGoalsMade2|road.total.fieldGoalsMade3|road.total.fieldGoalsMadeTotal|road.total.foulsCommited|road.total.foulsReceived|road.total.freeThrowsAttempted|road.total.freeThrowsMade|road.total.offensiveRebounds|road.total.plusMinus|road.total.points|road.total.steals|road.total.timePlayed|road.total.totalRebounds|road.total.turnovers|road.total.valuation,
2005,E2005,schedule,True,False,1,1,231,,arenacapacity|arenacode|arenaname|awaycode|awayteam|awaytv|confirmeddate|confirmedtime|date|endtime|game|gamecode|gameday|group|homecode|hometeam|hometv|played|round|startime,
2005,E2005,results,True,False,1,1,231,,awaycode|awayscore|awayteam|date|gamecode|gameday|gamenumber|group|homecode|homescore|hometeam|played|round|time,
2005,E2005,rosters,True,False,1,1,397,,alias|code|countrycode|countryname|dorsal|name|position,
2005,E2005,boxscore,False,False,2,0,,0,,game 1: live_boxscore returned invalid JSON from https://live.euroleague.net/api/Boxscore?gamecode=1&seasoncode=E2005: '' | game 231: live_boxscore returned invalid JSON from https://live.euroleague.net/api/Boxscore?gamecode=231&seasoncode=E2005: ''
2005,E2005,player_stats,False,False,2,0,,0,,game 1: live_boxscore returned invalid JSON from https://live.euroleague.net/api/Boxscore?gamecode=1&seasoncode=E2005: '' | game 231: live_boxscore returned invalid JSON from https://live.euroleague.net/api/Boxscore?gamecode=231&seasoncode=E2005: ''
2005,E2005,team_stats,False,False,2,0,,0,,game 1: live_boxscore returned invalid JSON from https://live.euroleague.net/api/Boxscore?gamecode=1&seasoncode=E2005: '' | game 231: live_boxscore returned invalid JSON from https://live.euroleague.net/api/Boxscore?gamecode=231&seasoncode=E2005: ''
2005,E2005,play_by_play,False,False,2,0,,0,,game 1: live_play_by_play returned invalid JSON from https://live.euroleague.net/api/PlaybyPlay?gamecode=1&seasoncode=E2005: '' | game 231: live_play_by_play returned invalid JSON from https://live.euroleague.net/api/PlaybyPlay?gamecode=231&seasoncode=E2005: ''
2005,E2005,shots,False,False,2,0,,0,,game 1: live_shots returned invalid JSON from https://live.euroleague.net/api/Points?gamecode=1&seasoncode=E2005: '' | game 231: live_shots returned invalid JSON from https://live.euroleague.net/api/Points?gamecode=231&seasoncode=E2005: ''
2005,E2005,v3_game_stats,True,False,2,2,,22,$|local|local.coach|local.coach.code|local.coach.name|local.players|local.players[]|local.players[].player|local.players[].player.active|local.players[].player.club|local.players[].player.club.abbreviatedName|local.players[].player.club.code|local.players[].player.club.editorialName|local.players[].player.club.images|local.players[].player.club.images.crest|local.players[].player.club.isVirtual|local.players[].player.club.name|local.players[].player.club.tvCode|local.players[].player.dorsal|local.players[].player.dorsalRaw|local.players[].player.endDate|local.players[].player.externalId|local.players[].player.images|local.players[].player.lastTeam|local.players[].player.order|local.players[].player.person|local.players[].player.person.abbreviatedName|local.players[].player.person.alias|local.players[].player.person.aliasRaw|local.players[].player.person.birthCountry|local.players[].player.person.birthCountry.code|local.players[].player.person.birthCountry.name|local.players[].player.person.birthDate|local.players[].player.person.code|local.players[].player.person.country|local.players[].player.person.country.code|local.players[].player.person.country.name|local.players[].player.person.facebookAccount|local.players[].player.person.height|local.players[].player.person.images|local.players[].player.person.instagramAccount|local.players[].player.person.isReferee|local.players[].player.person.jerseyName|local.players[].player.person.name|local.players[].player.person.passportName|local.players[].player.person.passportSurname|local.players[].player.person.twitterAccount|local.players[].player.person.weight|local.players[].player.position|local.players[].player.positionName|local.players[].player.season|local.players[].player.season.alias|local.players[].player.season.code|local.players[].player.season.competitionCode|local.players[].player.season.name|local.players[].player.season.startDate|local.players[].player.season.year|local.players[].player.startDate|local.players[].player.type|local.players[].player.typeName|local.players[].stats|local.players[].stats.accuracyAttempted|local.players[].stats.accuracyMade|local.players[].stats.assistances|local.players[].stats.blocksAgainst|local.players[].stats.blocksFavour|local.players[].stats.defensiveRebounds|local.players[].stats.dorsal|local.players[].stats.fieldGoalsAttempted2|local.players[].stats.fieldGoalsAttempted3|local.players[].stats.fieldGoalsAttemptedTotal|local.players[].stats.fieldGoalsMade2|local.players[].stats.fieldGoalsMade3|local.players[].stats.fieldGoalsMadeTotal|local.players[].stats.foulsCommited|local.players[].stats.foulsReceived|local.players[].stats.freeThrowsAttempted|local.players[].stats.freeThrowsMade|local.players[].stats.offensiveRebounds|local.players[].stats.plusMinus|local.players[].stats.points|local.players[].stats.startFive|local.players[].stats.startFive2|local.players[].stats.steals|local.players[].stats.timePlayed|local.players[].stats.totalRebounds|local.players[].stats.turnovers|local.players[].stats.valuation|local.team|local.team.accuracyAttempted|local.team.accuracyMade|local.team.assistances|local.team.blocksAgainst|local.team.blocksFavour|local.team.defensiveRebounds|local.team.fieldGoalsAttempted2|local.team.fieldGoalsAttempted3|local.team.fieldGoalsAttemptedTotal|local.team.fieldGoalsMade2|local.team.fieldGoalsMade3|local.team.fieldGoalsMadeTotal|local.team.foulsCommited|local.team.foulsReceived|local.team.freeThrowsAttempted|local.team.freeThrowsMade|local.team.offensiveRebounds|local.team.plusMinus|local.team.points|local.team.steals|local.team.timePlayed|local.team.totalRebounds|local.team.turnovers|local.team.valuation|local.total|local.total.accuracyAttempted|local.total.accuracyMade|local.total.assistances|local.total.blocksAgainst|local.total.blocksFavour|local.total.defensiveRebounds|local.total.fieldGoalsAttempted2|local.total.fieldGoalsAttempted3|local.total.fieldGoalsAttemptedTotal|local.total.fieldGoalsMade2|local.total.fieldGoalsMade3|local.total.fieldGoalsMadeTotal|local.total.foulsCommited|local.total.foulsReceived|local.total.freeThrowsAttempted|local.total.freeThrowsMade|local.total.offensiveRebounds|local.total.plusMinus|local.total.points|local.total.steals|local.total.timePlayed|local.total.totalRebounds|local.total.turnovers|local.total.valuation|road|road.coach|road.coach.code|road.coach.name|road.players|road.players[]|road.players[].player|road.players[].player.active|road.players[].player.club|road.players[].player.club.abbreviatedName|road.players[].player.club.code|road.players[].player.club.editorialName|road.players[].player.club.images|road.players[].player.club.images.crest|road.players[].player.club.isVirtual|road.players[].player.club.name|road.players[].player.club.tvCode|road.players[].player.dorsal|road.players[].player.dorsalRaw|road.players[].player.endDate|road.players[].player.externalId|road.players[].player.images|road.players[].player.images.headshot|road.players[].player.lastTeam|road.players[].player.order|road.players[].player.person|road.players[].player.person.abbreviatedName|road.players[].player.person.alias|road.players[].player.person.aliasRaw|road.players[].player.person.birthCountry|road.players[].player.person.birthCountry.code|road.players[].player.person.birthCountry.name|road.players[].player.person.birthDate|road.players[].player.person.code|road.players[].player.person.country|road.players[].player.person.country.code|road.players[].player.person.country.name|road.players[].player.person.facebookAccount|road.players[].player.person.height|road.players[].player.person.images|road.players[].player.person.instagramAccount|road.players[].player.person.isReferee|road.players[].player.person.jerseyName|road.players[].player.person.name|road.players[].player.person.passportName|road.players[].player.person.passportSurname|road.players[].player.person.twitterAccount|road.players[].player.person.weight|road.players[].player.position|road.players[].player.positionName|road.players[].player.season|road.players[].player.season.alias|road.players[].player.season.code|road.players[].player.season.competitionCode|road.players[].player.season.name|road.players[].player.season.startDate|road.players[].player.season.year|road.players[].player.startDate|road.players[].player.type|road.players[].player.typeName|road.players[].stats|road.players[].stats.accuracyAttempted|road.players[].stats.accuracyMade|road.players[].stats.assistances|road.players[].stats.blocksAgainst|road.players[].stats.blocksFavour|road.players[].stats.defensiveRebounds|road.players[].stats.dorsal|road.players[].stats.fieldGoalsAttempted2|road.players[].stats.fieldGoalsAttempted3|road.players[].stats.fieldGoalsAttemptedTotal|road.players[].stats.fieldGoalsMade2|road.players[].stats.fieldGoalsMade3|road.players[].stats.fieldGoalsMadeTotal|road.players[].stats.foulsCommited|road.players[].stats.foulsReceived|road.players[].stats.freeThrowsAttempted|road.players[].stats.freeThrowsMade|road.players[].stats.offensiveRebounds|road.players[].stats.plusMinus|road.players[].stats.points|road.players[].stats.startFive|road.players[].stats.startFive2|road.players[].stats.steals|road.players[].stats.timePlayed|road.players[].stats.totalRebounds|road.players[].stats.turnovers|road.players[].stats.valuation|road.team|road.team.accuracyAttempted|road.team.accuracyMade|road.team.assistances|road.team.blocksAgainst|road.team.blocksFavour|road.team.defensiveRebounds|road.team.fieldGoalsAttempted2|road.team.fieldGoalsAttempted3|road.team.fieldGoalsAttemptedTotal|road.team.fieldGoalsMade2|road.team.fieldGoalsMade3|road.team.fieldGoalsMadeTotal|road.team.foulsCommited|road.team.foulsReceived|road.team.freeThrowsAttempted|road.team.freeThrowsMade|road.team.offensiveRebounds|road.team.plusMinus|road.team.points|road.team.steals|road.team.timePlayed|road.team.totalRebounds|road.team.turnovers|road.team.valuation|road.total|road.total.accuracyAttempted|road.total.accuracyMade|road.total.assistances|road.total.blocksAgainst|road.total.blocksFavour|road.total.defensiveRebounds|road.total.fieldGoalsAttempted2|road.total.fieldGoalsAttempted3|road.total.fieldGoalsAttemptedTotal|road.total.fieldGoalsMade2|road.total.fieldGoalsMade3|road.total.fieldGoalsMadeTotal|road.total.foulsCommited|road.total.foulsReceived|road.total.freeThrowsAttempted|road.total.freeThrowsMade|road.total.offensiveRebounds|road.total.plusMinus|road.total.points|road.total.steals|road.total.timePlayed|road.total.totalRebounds|road.total.turnovers|road.total.valuation,
2000,E2000,schedule,True,False,1,1,158,,arenacapacity|arenacode|arenaname|awaycode|awayteam|awaytv|confirmeddate|confirmedtime|date|endtime|game|gamecode|gameday|group|homecode|hometeam|hometv|played|round|startime,
2000,E2000,results,True,False,1,1,158,,awaycode|awayscore|awayteam|date|gamecode|gameday|gamenumber|group|homecode|homescore|hometeam|played|round|time,
2000,E2000,rosters,True,False,1,1,364,,alias|code|countrycode|countryname|dorsal|name|position,
2000,E2000,boxscore,False,False,2,0,,0,,game 1: live_boxscore returned invalid JSON from https://live.euroleague.net/api/Boxscore?gamecode=1&seasoncode=E2000: '' | game 169: live_boxscore returned invalid JSON from https://live.euroleague.net/api/Boxscore?gamecode=169&seasoncode=E2000: ''
2000,E2000,player_stats,False,False,2,0,,0,,game 1: live_boxscore returned invalid JSON from https://live.euroleague.net/api/Boxscore?gamecode=1&seasoncode=E2000: '' | game 169: live_boxscore returned invalid JSON from https://live.euroleague.net/api/Boxscore?gamecode=169&seasoncode=E2000: ''
2000,E2000,team_stats,False,False,2,0,,0,,game 1: live_boxscore returned invalid JSON from https://live.euroleague.net/api/Boxscore?gamecode=1&seasoncode=E2000: '' | game 169: live_boxscore returned invalid JSON from https://live.euroleague.net/api/Boxscore?gamecode=169&seasoncode=E2000: ''
2000,E2000,play_by_play,False,False,2,0,,0,,game 1: live_play_by_play returned invalid JSON from https://live.euroleague.net/api/PlaybyPlay?gamecode=1&seasoncode=E2000: '' | game 169: live_play_by_play returned invalid JSON from https://live.euroleague.net/api/PlaybyPlay?gamecode=169&seasoncode=E2000: ''
2000,E2000,shots,False,False,2,0,,0,,game 1: live_shots returned invalid JSON from https://live.euroleague.net/api/Points?gamecode=1&seasoncode=E2000: '' | game 169: live_shots returned invalid JSON from https://live.euroleague.net/api/Points?gamecode=169&seasoncode=E2000: ''
2000,E2000,v3_game_stats,True,False,2,2,,20,$|local|local.coach|local.coach.code|local.coach.name|local.players|local.players[]|local.players[].player|local.players[].player.active|local.players[].player.club|local.players[].player.club.abbreviatedName|local.players[].player.club.code|local.players[].player.club.editorialName|local.players[].player.club.images|local.players[].player.club.images.crest|local.players[].player.club.isVirtual|local.players[].player.club.name|local.players[].player.club.tvCode|local.players[].player.dorsal|local.players[].player.dorsalRaw|local.players[].player.endDate|local.players[].player.externalId|local.players[].player.images|local.players[].player.lastTeam|local.players[].player.order|local.players[].player.person|local.players[].player.person.abbreviatedName|local.players[].player.person.alias|local.players[].player.person.aliasRaw|local.players[].player.person.birthCountry|local.players[].player.person.birthCountry.code|local.players[].player.person.birthCountry.name|local.players[].player.person.birthDate|local.players[].player.person.code|local.players[].player.person.country|local.players[].player.person.country.code|local.players[].player.person.country.name|local.players[].player.person.facebookAccount|local.players[].player.person.height|local.players[].player.person.images|local.players[].player.person.images.action|local.players[].player.person.images.headshot|local.players[].player.person.instagramAccount|local.players[].player.person.isReferee|local.players[].player.person.jerseyName|local.players[].player.person.name|local.players[].player.person.passportName|local.players[].player.person.passportSurname|local.players[].player.person.twitterAccount|local.players[].player.person.weight|local.players[].player.position|local.players[].player.positionName|local.players[].player.season|local.players[].player.season.alias|local.players[].player.season.code|local.players[].player.season.competitionCode|local.players[].player.season.name|local.players[].player.season.startDate|local.players[].player.season.year|local.players[].player.startDate|local.players[].player.type|local.players[].player.typeName|local.players[].stats|local.players[].stats.accuracyAttempted|local.players[].stats.accuracyMade|local.players[].stats.assistances|local.players[].stats.blocksAgainst|local.players[].stats.blocksFavour|local.players[].stats.defensiveRebounds|local.players[].stats.dorsal|local.players[].stats.fieldGoalsAttempted2|local.players[].stats.fieldGoalsAttempted3|local.players[].stats.fieldGoalsAttemptedTotal|local.players[].stats.fieldGoalsMade2|local.players[].stats.fieldGoalsMade3|local.players[].stats.fieldGoalsMadeTotal|local.players[].stats.foulsCommited|local.players[].stats.foulsReceived|local.players[].stats.freeThrowsAttempted|local.players[].stats.freeThrowsMade|local.players[].stats.offensiveRebounds|local.players[].stats.plusMinus|local.players[].stats.points|local.players[].stats.startFive|local.players[].stats.startFive2|local.players[].stats.steals|local.players[].stats.timePlayed|local.players[].stats.totalRebounds|local.players[].stats.turnovers|local.players[].stats.valuation|local.team|local.team.accuracyAttempted|local.team.accuracyMade|local.team.assistances|local.team.blocksAgainst|local.team.blocksFavour|local.team.defensiveRebounds|local.team.fieldGoalsAttempted2|local.team.fieldGoalsAttempted3|local.team.fieldGoalsAttemptedTotal|local.team.fieldGoalsMade2|local.team.fieldGoalsMade3|local.team.fieldGoalsMadeTotal|local.team.foulsCommited|local.team.foulsReceived|local.team.freeThrowsAttempted|local.team.freeThrowsMade|local.team.offensiveRebounds|local.team.plusMinus|local.team.points|local.team.steals|local.team.timePlayed|local.team.totalRebounds|local.team.turnovers|local.team.valuation|local.total|local.total.accuracyAttempted|local.total.accuracyMade|local.total.assistances|local.total.blocksAgainst|local.total.blocksFavour|local.total.defensiveRebounds|local.total.fieldGoalsAttempted2|local.total.fieldGoalsAttempted3|local.total.fieldGoalsAttemptedTotal|local.total.fieldGoalsMade2|local.total.fieldGoalsMade3|local.total.fieldGoalsMadeTotal|local.total.foulsCommited|local.total.foulsReceived|local.total.freeThrowsAttempted|local.total.freeThrowsMade|local.total.offensiveRebounds|local.total.plusMinus|local.total.points|local.total.steals|local.total.timePlayed|local.total.totalRebounds|local.total.turnovers|local.total.valuation|road|road.coach|road.coach.code|road.coach.name|road.players|road.players[]|road.players[].player|road.players[].player.active|road.players[].player.club|road.players[].player.club.abbreviatedName|road.players[].player.club.code|road.players[].player.club.editorialName|road.players[].player.club.images|road.players[].player.club.images.crest|road.players[].player.club.isVirtual|road.players[].player.club.name|road.players[].player.club.tvCode|road.players[].player.dorsal|road.players[].player.dorsalRaw|road.players[].player.endDate|road.players[].player.externalId|road.players[].player.images|road.players[].player.lastTeam|road.players[].player.order|road.players[].player.person|road.players[].player.person.abbreviatedName|road.players[].player.person.alias|road.players[].player.person.aliasRaw|road.players[].player.person.birthCountry|road.players[].player.person.birthCountry.code|road.players[].player.person.birthCountry.name|road.players[].player.person.birthDate|road.players[].player.person.code|road.players[].player.person.country|road.players[].player.person.country.code|road.players[].player.person.country.name|road.players[].player.person.facebookAccount|road.players[].player.person.height|road.players[].player.person.images|road.players[].player.person.instagramAccount|road.players[].player.person.isReferee|road.players[].player.person.jerseyName|road.players[].player.person.name|road.players[].player.person.passportName|road.players[].player.person.passportSurname|road.players[].player.person.twitterAccount|road.players[].player.person.weight|road.players[].player.position|road.players[].player.positionName|road.players[].player.season|road.players[].player.season.alias|road.players[].player.season.code|road.players[].player.season.competitionCode|road.players[].player.season.name|road.players[].player.season.startDate|road.players[].player.season.year|road.players[].player.startDate|road.players[].player.type|road.players[].player.typeName|road.players[].stats|road.players[].stats.accuracyAttempted|road.players[].stats.accuracyMade|road.players[].stats.assistances|road.players[].stats.blocksAgainst|road.players[].stats.blocksFavour|road.players[].stats.defensiveRebounds|road.players[].stats.dorsal|road.players[].stats.fieldGoalsAttempted2|road.players[].stats.fieldGoalsAttempted3|road.players[].stats.fieldGoalsAttemptedTotal|road.players[].stats.fieldGoalsMade2|road.players[].stats.fieldGoalsMade3|road.players[].stats.fieldGoalsMadeTotal|road.players[].stats.foulsCommited|road.players[].stats.foulsReceived|road.players[].stats.freeThrowsAttempted|road.players[].stats.freeThrowsMade|road.players[].stats.offensiveRebounds|road.players[].stats.plusMinus|road.players[].stats.points|road.players[].stats.startFive|road.players[].stats.startFive2|road.players[].stats.steals|road.players[].stats.timePlayed|road.players[].stats.totalRebounds|road.players[].stats.turnovers|road.players[].stats.valuation|road.team|road.team.accuracyAttempted|road.team.accuracyMade|road.team.assistances|road.team.blocksAgainst|road.team.blocksFavour|road.team.defensiveRebounds|road.team.fieldGoalsAttempted2|road.team.fieldGoalsAttempted3|road.team.fieldGoalsAttemptedTotal|road.team.fieldGoalsMade2|road.team.fieldGoalsMade3|road.team.fieldGoalsMadeTotal|road.team.foulsCommited|road.team.foulsReceived|road.team.freeThrowsAttempted|road.team.freeThrowsMade|road.team.offensiveRebounds|road.team.plusMinus|road.team.points|road.team.steals|road.team.timePlayed|road.team.totalRebounds|road.team.turnovers|road.team.valuation|road.total|road.total.accuracyAttempted|road.total.accuracyMade|road.total.assistances|road.total.blocksAgainst|road.total.blocksFavour|road.total.defensiveRebounds|road.total.fieldGoalsAttempted2|road.total.fieldGoalsAttempted3|road.total.fieldGoalsAttemptedTotal|road.total.fieldGoalsMade2|road.total.fieldGoalsMade3|road.total.fieldGoalsMadeTotal|road.total.foulsCommited|road.total.foulsReceived|road.total.freeThrowsAttempted|road.total.freeThrowsMade|road.total.offensiveRebounds|road.total.plusMinus|road.total.points|road.total.steals|road.total.timePlayed|road.total.totalRebounds|road.total.turnovers|road.total.valuation,
